,AOO,Species,Specimens,EOO_con,EOO_a1,EOO_a2,EOO_a3,EOO_a5,EOO_a7
8,8,Solanum_×procurrens,2,NA,NA,NA,NA,NA,NA
13,8,Solanum_abollatum,2,NA,NA,NA,NA,NA,NA
14,4,Solanum_abortivum,2,NA,NA,NA,NA,NA,NA
44,4,Solanum_ajanhuiri,1,NA,NA,NA,NA,NA,NA
90,4,Solanum_apiculatum,1,NA,NA,NA,NA,NA,NA
98,8,Solanum_arenarium,2,NA,NA,NA,NA,NA,NA
106,8,Solanum_armentalis,2,NA,NA,NA,NA,NA,NA
116,8,Solanum_asteropilodes,2,NA,NA,NA,NA,NA,NA
118,8,Solanum_athenae,2,NA,NA,NA,NA,NA,NA
127,4,Solanum_axillifolium,1,NA,NA,NA,NA,NA,NA
185,8,Solanum_canoasense,2,NA,NA,NA,NA,NA,NA
204,4,Solanum_celebense,1,NA,NA,NA,NA,NA,NA
209,8,Solanum_chachapoyasense,2,NA,NA,NA,NA,NA,NA
211,4,Solanum_chaetophorum,1,NA,NA,NA,NA,NA,NA
213,4,Solanum_chamaeacanthum,1,NA,NA,NA,NA,NA,NA
221,8,Solanum_chilliasense,2,NA,NA,NA,NA,NA,NA
231,8,Solanum_citrullifolium,2,NA,NA,NA,NA,NA,NA
262,4,Solanum_coquimbense,1,NA,NA,NA,NA,NA,NA
297,4,Solanum_dalibardiforme,1,NA,NA,NA,NA,NA,NA
301,4,Solanum_darienense,1,NA,NA,NA,NA,NA,NA
303,8,Solanum_dasyneuron,2,NA,NA,NA,NA,NA,NA
306,4,Solanum_davisense,2,NA,NA,NA,NA,NA,NA
310,8,Solanum_deflexicarpum,2,NA,NA,NA,NA,NA,NA
327,8,Solanum_dimorphandrum,2,NA,NA,NA,NA,NA,NA
341,4,Solanum_dolichosepalum,1,NA,NA,NA,NA,NA,NA
379,8,Solanum_evolvuloides,2,NA,NA,NA,NA,NA,NA
381,4,Solanum_exemptum,1,NA,NA,NA,NA,NA,NA
385,8,Solanum_falconense,2,NA,NA,NA,NA,NA,NA
388,8,Solanum_felinum,2,NA,NA,NA,NA,NA,NA
389,4,Solanum_fernandesii,1,NA,NA,NA,NA,NA,NA
397,4,Solanum_flagellare,1,NA,NA,NA,NA,NA,NA
406,4,Solanum_friburgense,1,NA,NA,NA,NA,NA,NA
407,8,Solanum_fructu-tecto,2,NA,NA,NA,NA,NA,NA
440,4,Solanum_graniticola,1,NA,NA,NA,NA,NA,NA
448,4,Solanum_guerreroense,2,NA,NA,NA,NA,NA,NA
450,12,Solanum_gundlachii,3,NA,NA,NA,NA,NA,NA
454,4,Solanum_haematocarpon,1,NA,NA,NA,NA,NA,NA
482,8,Solanum_hoffmanseggii,2,NA,NA,NA,NA,NA,NA
492,4,Solanum_hugonis,1,NA,NA,NA,NA,NA,NA
508,4,Solanum_imbaburense,1,NA,NA,NA,NA,NA,NA
517,4,Solanum_incasicum,1,NA,NA,NA,NA,NA,NA
521,8,Solanum_indivisum,2,NA,NA,NA,NA,NA,NA
524,4,Solanum_infuscatum,2,NA,NA,NA,NA,NA,NA
530,8,Solanum_insulae-pinorum,2,NA,NA,NA,NA,NA,NA
537,8,Solanum_iodinum,2,NA,NA,NA,NA,NA,NA
539,8,Solanum_ionidium,2,NA,NA,NA,NA,NA,NA
541,8,Solanum_irregulare,2,NA,NA,NA,NA,NA,NA
550,8,Solanum_johnstonii,2,NA,NA,NA,NA,NA,NA
554,8,Solanum_julocrotonoides,2,NA,NA,NA,NA,NA,NA
568,8,Solanum_labyrinthinum,2,NA,NA,NA,NA,NA,NA
574,4,Solanum_lagoense,2,NA,NA,NA,NA,NA,NA
589,8,Solanum_leptacanthum,2,NA,NA,NA,NA,NA,NA
596,4,Solanum_leucandrum,1,NA,NA,NA,NA,NA,NA
606,8,Solanum_ligulatum,2,NA,NA,NA,NA,NA,NA
609,4,Solanum_limoncochaense,1,NA,NA,NA,NA,NA,NA
634,4,Solanum_macrothyrsum,1,NA,NA,NA,NA,NA,NA
640,8,Solanum_malacothrix,2,NA,NA,NA,NA,NA,NA
641,4,Solanum_malignum,2,NA,NA,NA,NA,NA,NA
647,8,Solanum_mapiriense,2,NA,NA,NA,NA,NA,NA
651,8,Solanum_mariae,2,NA,NA,NA,NA,NA,NA
654,8,Solanum_matadori,2,NA,NA,NA,NA,NA,NA
667,8,Solanum_mellobarretoi,2,NA,NA,NA,NA,NA,NA
671,8,Solanum_mesopliarthrum,2,NA,NA,NA,NA,NA,NA
674,4,Solanum_micranthum,1,NA,NA,NA,NA,NA,NA
678,8,Solanum_milnei,2,NA,NA,NA,NA,NA,NA
680,4,Solanum_mirum,1,NA,NA,NA,NA,NA,NA
704,8,Solanum_murinum,2,NA,NA,NA,NA,NA,NA
751,4,Solanum_oomsis,1,NA,NA,NA,NA,NA,NA
768,4,Solanum_pachyneuroides,1,NA,NA,NA,NA,NA,NA
769,8,Solanum_pachyneurum,2,NA,NA,NA,NA,NA,NA
789,4,Solanum_paucispinum,1,NA,NA,NA,NA,NA,NA
794,4,Solanum_pedersenii,1,NA,NA,NA,NA,NA,NA
812,8,Solanum_phoberum,2,NA,NA,NA,NA,NA,NA
833,8,Solanum_pluriflorum,2,NA,NA,NA,NA,NA,NA
843,4,Solanum_postremum,1,NA,NA,NA,NA,NA,NA
871,4,Solanum_punctulatum,1,NA,NA,NA,NA,NA,NA
874,4,Solanum_putii,1,NA,NA,NA,NA,NA,NA
875,8,Solanum_pycnanthemum,2,NA,NA,NA,NA,NA,NA
890,4,Solanum_reclusum,1,NA,NA,NA,NA,NA,NA
898,8,Solanum_repandum,2,NA,NA,NA,NA,NA,NA
918,4,Solanum_rojasianum,1,NA,NA,NA,NA,NA,NA
927,4,Solanum_rufistellatum,1,NA,NA,NA,NA,NA,NA
932,4,Solanum_ruvu,1,NA,NA,NA,NA,NA,NA
933,4,Solanum_sagittantherum,1,NA,NA,NA,NA,NA,NA
935,8,Solanum_salasianum,2,NA,NA,NA,NA,NA,NA
960,8,Solanum_scolophyllum,2,NA,NA,NA,NA,NA,NA
975,4,Solanum_sessiliantherum,1,NA,NA,NA,NA,NA,NA
977,4,Solanum_setigeroides,1,NA,NA,NA,NA,NA,NA
980,4,Solanum_sibundoyense,2,NA,NA,NA,NA,NA,NA
990,8,Solanum_skutchii,2,NA,NA,NA,NA,NA,NA
995,8,Solanum_solum,2,NA,NA,NA,NA,NA,NA
1011,4,Solanum_steyermarkii,1,NA,NA,NA,NA,NA,NA
1025,4,Solanum_subserratum,1,NA,NA,NA,NA,NA,NA
1053,4,Solanum_tergosericeum,1,NA,NA,NA,NA,NA,NA
1065,4,Solanum_tobagense,1,NA,NA,NA,NA,NA,NA
1077,8,Solanum_tribulosum,2,NA,NA,NA,NA,NA,NA
1102,4,Solanum_turgidum,1,NA,NA,NA,NA,NA,NA
1114,8,Solanum_unifoliatum,2,NA,NA,NA,NA,NA,NA
1117,4,Solanum_urens,1,NA,NA,NA,NA,NA,NA
1132,4,Solanum_velardei,1,NA,NA,NA,NA,NA,NA
1160,4,Solanum_watneyi,1,NA,NA,NA,NA,NA,NA
1167,4,Solanum_woodburyi,2,NA,NA,NA,NA,NA,NA
1174,8,Solanum_zoeae,2,NA,NA,NA,NA,NA,NA
1178,4,Solanum_aldabrense,2,NA,NA,NA,NA,NA,NA
1179,4,Solanum_fernandezianum,2,NA,NA,NA,NA,NA,NA
62,8184,Solanum_americanum,2112,105805537.8,27934305.8,7814174.6,13844269.5,27933332.1,31212023.1
722,3144,Solanum_nigrum,826,115353115.5,15907906.4,2547128.5,5484345.6,15899508.1,26678717.2
1149,2348,Solanum_villosum,604,67871374.36,12545858.7,2966433.3,7329164.3,12551614,21233964.2
180,2664,Solanum_campylacanthum,676,20910053.2,8340794.4,4138044.3,5946683.1,8340315.5,9491925.6
360,4204,Solanum_elaeagnifolium,1121,78235438.59,7867279.9,4578105.2,5649329,7862242.7,9257145.6
74,1916,Solanum_anguivi,488,16973032.22,7222117,3527650.8,5428051.6,7221328.3,7832948.4
1054,2268,Solanum_terminale,591,15186666.23,6902948.9,4168313,5489212.7,6902394.7,7410326.1
723,1724,Solanum_nitidibaccatum,445,116716875.5,6859295.6,1753284.6,3350756.9,6861676.5,8196739.8
1083,3600,Solanum_triflorum,945,73356619.66,6586253.1,4456467.3,5652524.9,6588062.2,7027643.3
304,700,Solanum_dasyphyllum,177,15503715.84,6113865.9,1470040,2490073.8,6109361.4,6454989.2
1072,3476,Solanum_torvum,934,60963120.2,5876758.2,1941341.9,3405868,5888212.3,10846507.1
515,764,Solanum_incanum,200,19820801.95,5782290.9,664282.6,2239764.1,5783424.8,6736655.1
988,1432,Solanum_sisymbriifolium,375,68534164.06,5432449.5,1810662.4,3190600,5431185.2,6380234.6
346,1172,Solanum_dulcamara,299,35209949.6,4962429.9,1021249.1,2253929,4965422.3,7884225.2
365,4396,Solanum_emulans,1152,8511790.087,4815679.7,3601143.8,4024032.4,4815151.9,5014068.3
1045,772,Solanum_tarderemotum,199,17161613.05,4561811.4,1327679.8,1967543,4562103.9,6836891.1
546,800,Solanum_jamaicense,207,28869582.68,2901871.4,380167.7,744685.1,2901990.8,5352180.4
217,1808,Solanum_chenopodioides,488,91344217.64,2770045.6,1453389.6,2027668.4,2769581.1,3449518.8
197,2000,Solanum_carolinense,518,66371236.81,2449209,2240598.1,2349607.9,2449267.9,2610593.4
207,188,Solanum_cerasiferum,47,6511547.243,2387388.1,426704.7,1045702.1,2387393.1,2708419
375,3228,Solanum_esuriale,878,6216514.2,2367640.3,2638976.4,3012090.5,4502191.3,4976796.9
371,1044,Solanum_erianthum,285,55503540.97,2245758.9,490691.5,1109794.7,2246626.8,2683784.6
581,3164,Solanum_lasiophyllum,933,10426867.09,2240563.8,1575479.1,1837652.4,2240408.4,2468292
752,1044,Solanum_opacum,267,71920779.23,1943621.9,972372.9,1164338,1944007.7,2203632.6
362,4728,Solanum_ellipticum,1316,5598679.7,1793828.7,3265606.5,3506629.7,4558350.7,4762088.3
945,360,Solanum_sarrachoides,92,42502313.06,1589843.1,285096.8,518256.7,1592113.6,1849454.3
1147,404,Solanum_viarum,113,48882044.89,1517118.3,157009.1,696285.8,1516298.6,3720905.3
658,1832,Solanum_mauritianum,514,33909789.43,1464739.4,685919.8,903717.4,1462959.2,2325251.3
84,196,Solanum_anomalum,49,2698270.761,1386095.5,241308.7,1131743.6,1385497,1615542.9
30,460,Solanum_aculeatissimum,119,21010244.71,1294727.3,518203.6,680781.7,1295551,1536399.6
719,3944,Solanum_nigrescens,1071,5534825.2,1236375,2127896.5,3056665.5,3694942.5,3838326.8
901,176,Solanum_retroflexum,46,16246723.27,982181.2,236719.6,442728.8,981860.4,1671141.5
877,592,Solanum_pygmaeum,162,7571632.176,954078.2,645638.4,717849.8,953952.4,1072312.5
880,2556,Solanum_quadriloculatum,701,3187642.7,945208.5,1556714.3,2364587.6,2552547.2,2663334
401,200,Solanum_forskalii,51,8727671.284,932644,131197,203305.8,931921,1839338.1
237,1680,Solanum_cleistogamum,478,5208855.5,906163.4,2464087.9,3046664.2,4241612.1,4409095.3
120,276,Solanum_atropurpureum,74,21673641.28,862287.2,491493.4,739362.3,862390.4,956300.3
754,1860,Solanum_orbiculatum,542,2771862.2,853609.1,1366785.2,1432793.5,1502338.1,1569549.7
206,1860,Solanum_centrale,531,3816872.9,840952.4,1446353.5,1793421.2,2102842.9,2446491.4
326,428,Solanum_dimidiatum,108,10269110.03,824821.9,329919.8,418726,824829.6,1268533.1
210,2460,Solanum_chacoense,633,4998694.9,725182.8,1504606.5,2414394.7,2630938.5,2730391.1
239,2248,Solanum_coactiliferum,642,4181526,702151.4,1474387.4,1863542.5,2415199,2699562.4
51,1532,Solanum_aligerum,426,25917493.07,699873.2,486311.9,571917.3,699504.3,768034.4
487,1024,Solanum_houstonii,270,3847279.78,675442.5,372981.7,560015,675532.6,726064.2
191,700,Solanum_capsicoides,192,49216736.79,588968,153163.3,288904.5,586201.9,900035.6
390,1472,Solanum_ferocissimum,428,5077467.2,579275.5,1310388.1,1853682.1,3406463,3709299.4
917,396,Solanum_robustum,105,13315855.84,574544.5,257617.2,393968.5,574493,650501.2
1016,2300,Solanum_stoloniferum,628,1647088.9,562252.8,1031785.9,1183287,1247371.3,1309157.9
248,1028,Solanum_commersonii,265,1535335.6,554833.9,846621.1,905555.9,983328.9,1079975.3
779,900,Solanum_paniculatum,237,3889276.7,533506.4,1559953.1,2328416.8,2935343.3,3350123.4
650,396,Solanum_marginatum,109,33263925.15,511401.3,293289,404958.6,511864.9,580021.2
951,296,Solanum_schimperianum,80,8755167.929,502974.6,86895.4,214979.6,502793,570431.7
1104,1664,Solanum_tweedieanum,444,1882899.3,494048.8,850700.8,1148965.7,1475857.3,1529820.8
612,368,Solanum_linnaeanum,93,46661588.48,480669.6,55631.2,238687.8,480675.5,604087.7
223,964,Solanum_chippendalei,302,1614190.8,452601.5,1002253.7,1085151.2,1168833,1238270.9
20,2244,Solanum_acaule,593,1354458.4,448498.7,601465.5,701506.1,810598.4,904022
447,332,Solanum_guaraniticum,87,1599365.882,447681.7,388361.1,411840,447588.1,469631.7
819,812,Solanum_pimpinellifolium,223,44426203.18,445675.1,268479.5,370713,445380.3,558643.9
1021,2192,Solanum_sturtianum,656,3486653.1,442347.5,1010326.6,1398130.6,2022192.4,2251558.8
1152,140,Solanum_virginianum,35,17963589.15,442290.1,31979.5,88347.8,441736.9,2327676.6
957,292,Solanum_schumannianum,74,5143569.611,408277.6,170855.3,290428.5,408975.1,536513.8
786,1016,Solanum_parvifolium,294,920848.9,400571.3,568576,652748.3,716521.7,765322
354,916,Solanum_echinatum,281,1084555.6,396419.4,697803.6,777752.7,845100.4,876973.4
1169,240,Solanum_wrightii,63,40611524.43,392254.7,54320.4,104048,392630.3,783855.8
337,928,Solanum_diversiflorum,284,2368040,390137.9,546025,877893.8,1015670.2,1311256.6
983,1616,Solanum_simile,453,2784659.3,372796.4,660676.3,784193.7,1013861.8,1230543.7
809,2220,Solanum_petrophilum,642,2589072.3,361687.2,574738.6,689908.2,935590.6,1194647.1
102,924,Solanum_argentinum,240,1209619.7,361179.9,717699.8,815837.6,952877.9,1012481
792,148,Solanum_pectinatum,41,11764791.1,354117.7,42441.3,67575.2,354088.8,462868.9
154,3268,Solanum_brevicaule,883,1356501.9,349377.2,476704.3,581880.4,733698.5,824340
1013,660,Solanum_stipulaceum,173,2351598.9,348457.5,690441.9,771272.1,1069319.5,1278637.4
329,1512,Solanum_dioicum,487,849759.7,338924.5,478586.2,545975.2,608755.4,652421.3
730,744,Solanum_nummularium,218,965850.7,328966.6,426304.2,496742.8,585724.6,659133.5
70,1220,Solanum_anceps,327,5561240.3,321675.8,1027860.8,1268155.1,1937701,2350559.7
860,696,Solanum_pseudoquina,185,2484453.2,320630.6,584481.8,679437.8,1058346.5,1494358.8
772,552,Solanum_palitans,145,6744355.695,313639.4,202159.3,243998.1,313716.4,399206.3
324,732,Solanum_didymum,202,1619250.6,310470.1,693294.1,984149.4,1261494.8,1341896.7
484,684,Solanum_hoplopetalum,206,634207.3,310255,416359.7,452127.2,473166.4,482193.1
442,608,Solanum_granuloso-leprosum,159,4431687.9,307154.5,816635.9,1079287.7,1520169.9,1694765.2
183,2384,Solanum_candolleanum,711,441080.4,301580.5,327949.4,342203.7,356620.7,366846.6
547,860,Solanum_jamesii,227,1395251.4,297642.2,420266.5,504650.9,571000,620097.9
216,744,Solanum_chenopodinum,217,2035431.7,296499.3,941434.4,1132847.9,1348307.9,1428690
996,544,Solanum_somalense,138,1630422.2,288123.8,1194502.2,1288561.6,1405368.1,1464686.9
121,1160,Solanum_aturense,311,3942588.7,283636,618417,856157.4,1174856.8,2082656
344,2024,Solanum_douglasii,566,2762085.1,281643.3,914683.1,1695512.8,1930255.7,2059630.6
1144,916,Solanum_vescum,263,698185.3,276787.7,366053.6,537058.4,604860.5,629547
1110,1984,Solanum_umbelliferum,531,778646.2,275958.1,336523.7,496950.9,544090.4,560187.5
613,572,Solanum_lithophilum,153,1654157.5,274608.9,497242.9,823978.5,913318.6,1046013
621,820,Solanum_lucani,256,3424417,262252.4,430995.9,506595.9,679936,763644.3
1006,1696,Solanum_stelligerum,504,1869712.9,258206.5,372016.3,485269.2,1112481.7,1293803.9
458,376,Solanum_hastifolium,95,2427844.1,252741.4,451870.9,803313.7,1908109.8,2082917.2
229,1228,Solanum_cinereum,361,926783.6,243473.2,281555.7,294516.3,529950.4,634843.3
54,1592,Solanum_aloysiifolium,438,1349765.3,240552.7,318645.1,442174.8,741784.8,884377.1
409,252,Solanum_furcatum,65,66444442.84,240324.3,146766.7,179508.1,241568.8,278327.5
1090,368,Solanum_triquetrum,100,867056,240187.7,546108.5,600967.3,687758.5,731514.6
729,1024,Solanum_nudum,266,6238848.4,238166.7,961885.7,1434711.4,1950905.5,2563608.3
148,1452,Solanum_boliviense,393,765069.6,237452,303260.3,332042.6,366927.5,394207.7
240,720,Solanum_coagulans,183,4605491.5,230191.6,972951.8,1487303.4,2282613.9,2609285.9
886,264,Solanum_ramulosum,69,393251,223449.4,262720,288783.8,317461.8,340167.3
1156,592,Solanum_volubile,149,2487828.3,222297.2,537493.3,704573.1,1158287.9,1464224.5
597,880,Solanum_leucocarpon,231,9094170.8,221838.5,1913866,3694657.9,6365580.9,7008474.4
243,1116,Solanum_cochabambense,318,1549226.2,213976.5,340303,405753.1,487565.5,582013.4
175,420,Solanum_callosum,108,487509.5,210000.3,285137.1,338495.1,402297.9,425941.6
816,720,Solanum_pilcomayense,188,9593102.1,204339.6,606499.6,762693.3,1238839,1595712.8
111,1300,Solanum_asperolanatum,349,4684782.9,202756.8,389390.3,489017,597074.1,666327.1
724,652,Solanum_nitidum,179,928686.2,202746.1,281515.1,334575,390718.2,420760.2
176,708,Solanum_campaniforme,193,6572637.4,198733.3,564301.9,1224541.9,1606347.8,2488935.6
974,740,Solanum_sessile,198,3739383,196155.7,810767.1,962598.7,1356184.5,2068494.9
830,544,Solanum_plicatile,160,512865.1,195329.8,378956.6,426945.8,459027.7,471747.5
330,104,Solanum_diphyllum,26,35326483.82,194877.4,12692.9,26753.8,194933.7,421230.1
1023,780,Solanum_subinerme,203,7231804.9,194430.1,1017019,3537577.4,5643862.3,6214538
1113,824,Solanum_uncinellum,214,12793807.5,185965.1,1009553.2,2933552.6,7324907.8,8930519.6
867,772,Solanum_pubigerum,207,1011435,182790.4,309145.5,463005.9,620112.9,680557.5
1060,628,Solanum_tettense,158,6632752.8,181978.6,692848,1390498.5,2656609,3372857.9
96,628,Solanum_arboreum,177,1496568.8,176780.8,425305.2,591211,721837.7,880041.3
281,948,Solanum_crinitum,252,11849955,172472.8,1481458.1,3185368.3,6713911.3,8119315.8
48,856,Solanum_albidum,223,1104841.8,172266,300782.3,361208.7,431833.7,480457.3
88,892,Solanum_aphyodendron,241,4884026.6,171561.5,316406.5,462067,663074.1,780598.3
132,500,Solanum_barbeyanum,131,1578197.2,166048.9,429672.1,771307.6,947618.5,1028620.8
228,464,Solanum_chrysotrichum,131,53258730.02,165920,40480.7,72179.4,166383,307147.1
1018,612,Solanum_stramoniifolium,161,8849654.9,164612.6,399588.7,2213398.6,4525883.9,4956955.1
552,552,Solanum_jucundum,158,436840,162614.4,251874.1,288976.7,341912.7,365273.8
68,472,Solanum_amygdalifolium,125,3655786.4,162453.6,548811.6,1239807.4,1575436.5,1909325.3
1131,412,Solanum_variabile,112,303641.3,161613.5,208058.6,238906.4,269413.7,278065.1
273,252,Solanum_corymbiflorum,65,265583.2,161523.5,219393.5,235323,248083.7,253160.5
1088,524,Solanum_tripartitum,150,410690.8,160101.7,232136.1,250401.5,272701.4,299588.7
104,256,Solanum_aridicola,72,355658.7,159547.9,203725.5,227897.3,261896.7,288664.3
105,456,Solanum_aridum,123,1134259.5,159326.3,633174.4,802220.8,896872.2,940615
811,492,Solanum_phlomoides,151,837513.6,158894.9,182298.3,252510.6,466699.4,531108.5
599,436,Solanum_leucopogon,114,5058088.5,158572.6,784959.7,982272.5,1539088.4,1717926.1
1019,128,Solanum_stuckertii,34,4630969.056,154862.6,63393.5,116447.9,154836.3,172702.2
29,564,Solanum_aculeastrum,144,15262295.8,153423,555698.4,803686.4,1600523.4,1928520.2
753,568,Solanum_oppositifolium,148,3810802.2,151311.3,1034365.1,1675951.8,3019695.4,3138700
771,496,Solanum_palinacanthum,128,5163303.9,151005.4,637374.2,2300218.2,3808877.5,4204367.6
114,580,Solanum_asperum,154,14051121.1,150354,521887.3,1273456.7,2856861.3,3678454.3
553,608,Solanum_juglandifolium,162,493235,149923.3,220728.4,249535.9,282478.1,301172.7
1034,520,Solanum_swartzianum,149,4796193.9,147373.9,262317.6,296823.2,350616.9,388930.9
588,500,Solanum_lepidotum,127,3999342.5,146867.5,453393.8,893890.3,1375203,1835507.3
472,300,Solanum_hieronymi,76,877698,146086.9,424640.7,632441.2,680332.7,703121.2
331,144,Solanum_diploconos,39,931521.7487,145231,103582.9,129350.9,145231.9,154227.3
246,1152,Solanum_colombianum,304,818728,144528.9,324180.2,404115.9,475704,507174.5
611,616,Solanum_linearifolium,191,803736.9,143201.7,235287.1,256748.7,286012.9,436176.8
76,332,Solanum_angustifidum,91,1190477.6,142362.3,294194.7,640415.1,749749.4,830775.3
347,424,Solanum_dulcamaroides,115,645469.7,141574.7,277752.2,331707.7,363926.6,375606.4
377,304,Solanum_euacanthum,79,546910.2,140939.4,386212.2,428079.7,458162.2,474596.1
144,408,Solanum_bicorne,112,749312.7,140543.7,207587.1,323201.1,495434.6,548686.1
683,656,Solanum_mite,174,3095078.1,139016.8,649105.3,1092108.5,1622658.5,1944455.8
936,888,Solanum_salicifolium,254,1063580.1,138376.7,343693.9,465007.3,626117.3,695386.4
343,316,Solanum_donianum,85,3117028.393,136876.3,122186.5,127651.1,136877.9,139050
160,564,Solanum_bulbocastanum,155,596724.4,136707,196240.2,238940.9,330372,385706.3
485,356,Solanum_horridum,109,289969.8,136231.5,206967,228420.1,249549.6,257780.5
531,1088,Solanum_interandinum,294,2324456.5,134755.6,296915.7,383360.3,535172.4,625188.3
528,596,Solanum_insanum,153,10981717.5,133952.2,566080.8,860992.8,3037205.1,3841499
760,384,Solanum_ovalifolium,104,1385100.6,133935.1,182527.3,288298,334105.8,382194.9
675,844,Solanum_microdontum,228,1137945.8,132228.5,182914.2,245765,337833.4,413278.8
745,600,Solanum_oligacanthum,179,927886.4,131416.5,292747.7,569717.1,749929.1,802556.5
1001,592,Solanum_splendens,158,8397227.8,131309.8,330993.5,569532.2,1483213.3,2422427.3
928,684,Solanum_rugosum,177,11358977.2,131053.8,556922.9,1705619.6,3942716.7,6037322.5
961,348,Solanum_scuticum,90,5128099,130438.5,538394.3,802806,1496571,2365255.6
682,420,Solanum_mitchellianum,129,240987.2,128651.7,166308,182724.1,204295.8,214762.6
227,680,Solanum_chomatophilum,191,314126.5,128428.7,154322.1,166416.9,187640.2,199987.1
845,804,Solanum_prinophyllum,225,322994.7,123177.3,189696.1,220549.6,238513.1,247005.4
744,704,Solanum_oldfieldii,204,646670.8,122749.6,285094.5,441292.3,526795,561471.1
453,772,Solanum_habrochaites,204,763608.8,122251,156939,180479,211054.4,235918.1
627,328,Solanum_lycocarpum,86,2503945.1,117925.2,540280.1,1094815.3,1874777.8,2045057.9
567,564,Solanum_kurtzianum,151,432127,114411.4,161659.4,177707.6,220013.1,242728.5
712,648,Solanum_nemophilum,186,359869.4,114137.3,142651.2,175580,234291.3,262705.2
636,504,Solanum_madagascariense,131,378620.8,108905.9,184679.2,230393.7,262796,277302.2
558,340,Solanum_juvenale,87,917741.7,107297.6,308154.1,576093.3,647661.5,713712.7
42,260,Solanum_agrarium,66,5750624.8,107028.4,396994.7,463402.1,675586.8,1036832.2
353,404,Solanum_echegarayi,109,352787.6,104699,239580.4,267269.8,292805.4,303503.2
656,660,Solanum_maturecalvans,181,1146123.1,103470.2,158548.7,202730.8,282696.3,336059.2
906,420,Solanum_rhytidoandrum,113,5306433.8,103236.3,309750.6,749178.2,1491487.1,1951578.6
17,132,Solanum_abutiloides,46,4627315.783,103012.2,61766.6,76784.5,103014.2,130115.1
857,284,Solanum_pseudogracile,72,1094647,102996.8,172935,233824.3,285578.2,304815.1
540,500,Solanum_iopetalum,138,275907.8,102764.3,191105.9,211305,226018.4,235360.1
1141,640,Solanum_verrucosum,180,422514.9,102071.6,207973.9,272094.9,340256.4,363886.2
421,256,Solanum_gilesii,90,1355705.5,101992.8,403482.5,491035.6,754328.8,911163.6
1038,640,Solanum_symonii,187,773948.3,98433.6,253815.9,334106.7,404136.6,432403.4
732,372,Solanum_nutans,102,1754385.8,96405.6,153016.4,187851.9,238828.6,288562.7
373,264,Solanum_erythracanthum,68,559372.2,95072.5,420199.7,455158.4,488331,502090
80,344,Solanum_anisophyllum,91,722129.7,94422.2,155292.3,295361.8,432038.5,479261.8
476,296,Solanum_hirtellum,74,1918752.9,93143.1,442056.5,480155.8,537908.3,601313.2
134,496,Solanum_barbulatum,126,837633.9,92524.5,126840.4,150909.4,201797.5,242739.9
166,468,Solanum_caavurana,126,4085546,90466.4,546948.5,892385.7,1338686.5,1599582.3
532,368,Solanum_interius,95,3654896.3,89161.4,750659.3,1217651.2,2138128.7,2941115.8
713,364,Solanum_nemorense,99,1987991.1,89149.5,350662.5,425045.7,867515.7,1087109.3
193,224,Solanum_cardiophyllum,58,535501.7,89129.7,146337.3,164516.5,197756,220862.8
110,224,Solanum_ashbyae,61,472653.6,89086.2,363854.5,405126.2,431775.5,442546.5
474,484,Solanum_hindsianum,127,156281.7,88870.8,114893.5,123325,134678.4,141370
916,356,Solanum_robustifrons,97,1463721.9,88143.9,477967.7,727495.9,1000852.7,1114926.9
866,220,Solanum_pubescens,60,376939.9,87775.8,139700,156886.1,188631.2,203799.4
64,308,Solanum_ammophilum,88,1306285.2,87332.9,189487.5,226674.5,277035.2,358361.4
635,876,Solanum_macrotonum,240,1822816.9,87002.2,172118.5,334016.6,615716.7,878063.2
551,232,Solanum_jubae,58,778016,86763.3,459120.9,599285.2,677684.3,704163.1
662,252,Solanum_megalonyx,67,743737.6,85948.7,281541.1,382882.4,496434,555094.1
219,624,Solanum_chilense,172,490150.6,85893.6,134664.2,151987,186560,209314.7
619,476,Solanum_longifilamentum,129,1002693.1,85495.6,150426.9,207910.4,273739,310083.8
1061,380,Solanum_thelopodium,96,3274797.1,84644.7,556033.8,978291.4,1278978.4,1672625.7
1085,292,Solanum_trilobatum,78,1780713.7,84208.8,137375.2,223147.5,472592.5,600508.2
953,680,Solanum_schlechtendalianum,177,10982245.1,83833.3,655179.5,1422291.6,8046124.1,8609526.1
439,376,Solanum_grandiflorum,97,1486552,83493.9,160268.5,513475.2,879956.6,1098189.5
1041,140,Solanum_taitense,35,298654.6,83491.4,203502.6,235461.4,263064,273507.7
196,404,Solanum_caripense,104,2930724.3,82899.7,124495.6,251699.1,389612.8,536124.4
1008,240,Solanum_stenophyllidium,62,347037.1,82380.5,119877.2,146080.4,189467.4,213310.6
61,432,Solanum_amblymerum,126,197327.8,81191.2,116392.7,135047.4,161352.1,171473.5
274,292,Solanum_corymbosum,80,649598.3,81144.8,120556.1,138503.8,167188,198296.1
393,344,Solanum_fiebrigii,93,1160190.4,80928.6,121762.4,149717.5,211280.2,260698
470,292,Solanum_hexandrum,80,275165.6,79964.2,105874,118181.1,142118.7,167205.7
335,180,Solanum_distichophyllum,46,1915854.6,77721.2,342661.7,489445.3,1577849.3,1641389.9
776,376,Solanum_palustre,98,155666.8,76710.7,90735,103295.6,119681.1,130514.1
1028,312,Solanum_subumbellatum,82,1896576.7,76348.9,386254.7,566573.9,971091.7,1165652.9
190,364,Solanum_capsiciforme,109,294363.5,75614.1,125928.7,141789.3,156849.7,164368.1
396,292,Solanum_flaccidum,80,1665718.8,75591.3,233471.3,338698.5,509325.2,635480.3
361,260,Solanum_elatius,67,166392.7,75260.2,119512.3,128797.3,135833.8,143515.2
22,768,Solanum_acerifolium,202,11726731.8,74328.4,294645.1,584769.1,1097834.9,1890566.3
907,288,Solanum_richardii,76,2281372.7,74106,555731.1,927226.7,1325135.6,1754143.3
1100,336,Solanum_tumulicola,99,1082023.1,73900.3,294851.8,512433.7,563533.6,589989.5
157,528,Solanum_brownii,163,165211.2,73769.8,99198,112215.3,124552.4,131705.9
930,256,Solanum_runsoriense,66,1075165.8,73362.8,173992.5,233617.9,476769.4,730557.6
420,508,Solanum_giganteum,131,15040282.4,72793.7,505643.7,1257719.1,2869234.8,3795802.8
1029,644,Solanum_succosum,191,1077214,72525,161702.1,260741.2,538169.1,653969.6
602,268,Solanum_lichtensteinii,67,4856298.8,71736.8,554419.4,789967.3,2447618.6,3104791.5
1151,652,Solanum_violaceum,170,10441292,71012.9,603890.4,1561338.7,3051330.9,4814979.3
184,92,Solanum_canense,24,7324895.29,70258.8,14085.2,31856.2,70083.5,142664.2
523,612,Solanum_infundibuliforme,164,292202,70002.2,117841.1,151779.8,219940.6,243192.2
115,288,Solanum_asterophorum,80,559072.2,69374.3,188171.6,208826.8,243193.8,275541.9
357,268,Solanum_ehrenbergii,69,191570,69091.9,113443.8,134543.4,153979.2,162562.5
884,460,Solanum_radicans,123,1573245.3,68672.3,275317.3,358823.8,452616.2,536951.7
268,188,Solanum_coriaceum,49,1762008,68394.9,183627,624376.2,1235799.8,1436039.3
462,912,Solanum_hazenii,244,3610207,68375.4,203771.2,481822.7,672164.5,837305.1
478,244,Solanum_hirtum,62,1237347.4,67290.2,297913.1,428244.8,516525.2,658995.1
1062,500,Solanum_thomasiifolium,146,1001496.1,65823.9,456931.4,481130.9,512602.8,618352.1
1055,412,Solanum_ternatum,120,2845702.1,65741.1,107092.6,142081,184456.8,215146.2
1126,208,Solanum_valdiviense,56,463967.3,65428.9,85084.3,92369.3,97740.3,100461
1059,216,Solanum_tetrathecum,66,476312,65247.4,167721.5,200283.2,263414.1,297181.6
910,436,Solanum_riparium,113,2340896.4,64853.4,111622.2,448543.8,978519.5,1183765.2
959,136,Solanum_sciadostylis,36,560324.1,64297.6,214248.4,252811.1,290759.1,332439.1
793,312,Solanum_pedemontanum,79,1428292.8,64207.8,348447.2,657243.7,889179.9,983657.7
141,656,Solanum_berthaultii,203,361029.7,63911.9,116037.8,138445.1,192425.9,239625.2
579,204,Solanum_lanzae,52,830736.8,63808,255973.6,348302.1,467946.9,537040.5
926,272,Solanum_rufescens,71,1906556.5,63541.6,160256.2,190420.2,216828.5,231823.9
426,224,Solanum_glaucophyllum,58,4931610.3,63140.5,314995.7,602903.8,953520.8,1075258.9
1037,348,Solanum_symmetricum,92,2041181.9,62403.7,193636,336321.7,665184.1,853054.2
526,268,Solanum_inodorum,75,345909.8,61750.2,127921,182408.6,222671.1,240087.4
686,284,Solanum_monachophyllum,75,1944514.2,60985.4,289226.2,1102683.7,1389747.2,1495678.6
403,164,Solanum_fragile,44,338395.1,60838.7,156968.4,192348.3,220583.7,234288.4
57,300,Solanum_alternatopinnatum,82,2460194.1,60470.2,428419.8,651176.4,1676320.5,1894354.3
418,188,Solanum_gardneri,49,5285972.3,60367.3,194859.7,260429.7,439122.4,578031.3
734,340,Solanum_oblongifolium,89,674803.2,59885.1,100467.7,141231,184367.7,220463.8
842,316,Solanum_polytrichum,92,620862,59563.4,75303.8,98606.1,118121.1,233071.8
109,180,Solanum_arundo,45,728742.9,58198.5,210411.6,254202.2,429358.2,534109.7
295,96,Solanum_cylindricum,26,759865.9,57791.7,85713.8,142234.8,196681.7,257349
412,236,Solanum_gabrielae,77,416244.1,56916,104802.2,119520.6,136273.1,203909.2
415,144,Solanum_galbinum,41,139205.3,56692.6,87760.3,102358.3,117043.7,123781.4
591,180,Solanum_leptopodum,48,1836073.2,56550.3,195173.3,325721.9,730094.1,843834.3
315,832,Solanum_demissum,241,676016.8,55904.2,112965.1,154418.5,237743.7,297284.1
1058,200,Solanum_tetrandrum,64,4444783.7,55789.5,76435.1,83644.6,100894.4,112978.2
986,336,Solanum_sinuatirecurvum,96,231683.2,55726.5,138340.1,156776.5,181098.6,190012.9
269,352,Solanum_corifolium,104,245268.6,55550.2,66607.5,70403.8,83094.4,97760.5
270,508,Solanum_corneliomulleri,136,1305503.8,54813.1,78821.3,99618,126265.4,149825.3
659,460,Solanum_medians,142,1139265.5,54147.9,79396.3,109408.8,145534.6,160327
376,212,Solanum_etuberosum,54,88182.5,53373,72660.1,77796.8,81957.7,83698.5
253,208,Solanum_concinnum,54,193959.9,52931.9,69317.8,86999,134810.4,152762.2
351,232,Solanum_eardleyae,77,203177.2,52864.9,101038.6,112125,132362.3,147269.4
232,172,Solanum_cladotrichum,49,153501.6,52793.5,116651.9,128420,137502.1,142068.9
97,264,Solanum_arcanum,76,105909,52412.5,62320,68825.5,83629.5,90358.8
669,272,Solanum_memphiticum,69,5240660.3,51863.1,178102.6,679715.4,914289.5,1114027.1
559,208,Solanum_karsense,63,65044,51146.5,58713.9,60792.4,62426.7,63152.9
572,352,Solanum_lacunarium,99,991167.3,51046.2,281041.6,452494.8,554037.2,671305.8
1173,220,Solanum_zanzibarense,55,640133.8,50529.9,124098.8,177992,245323.4,299799.7
410,256,Solanum_furfuraceum,84,325223,50035.1,72949,128772.1,211437.3,246040.8
1161,224,Solanum_weddellii,63,700389.5,49860.4,137159,245069.9,335279.3,390268.6
931,180,Solanum_rupincola,54,180994.5,49846.7,69643.4,89197.3,119916.1,140219.3
504,272,Solanum_hystrix,78,188489.3,49596.7,74598.6,86553.1,101607.2,110931.3
925,300,Solanum_rudepannum,77,3281217.7,49431.6,172995.1,397803.6,643810.1,863484.4
488,500,Solanum_hovei,143,713573.5,49426.5,83795.4,104217.7,135573.9,165363.5
438,300,Solanum_grandidentatum,80,1024089.7,49061.3,195084.8,247791.9,311790.2,355936
692,172,Solanum_morelliforme,49,999007.2,48249.6,118802.6,150942.8,188880.7,250093.9
577,220,Solanum_lanceolatum,57,1134496.8,48241,86829.4,124426.9,203871.5,253097.5
378,328,Solanum_evolvulifolium,89,750601.6,47595.2,97290.1,159428.8,304467.3,379028.7
733,168,Solanum_obliquum,45,688408.8,46664.8,233798.4,425775.4,571873,607692.9
593,100,Solanum_leptostachys,25,241570.2,46139.4,114373.8,136134.1,187152.9,205000.2
19,240,Solanum_acanthodes,62,3972010.9,45921.2,277707.2,467649.1,714285,1395681.5
387,200,Solanum_fecundum,58,552196.3,45547.8,109082.5,157083.7,201582.4,254879.3
230,188,Solanum_cinnamomeum,52,310868.5,45460,78860.3,144430.2,191781.6,215170.8
1148,292,Solanum_vicinum,85,81346.9,44795.7,55520.8,60592.6,65117.9,68345.1
941,176,Solanum_sanctae-catharinae,45,1369136.3,44450.4,172220.4,315872.8,373996.4,391719.5
815,92,Solanum_piceum,27,62063.6,43902.3,54256.7,57342.3,59600.5,60545.8
775,380,Solanum_paludosum,100,2817804.5,43704.5,174134.3,307748.6,556031.2,1000633.5
423,308,Solanum_glabratum,78,1652015.1,43511.9,195311.5,486188.2,663261.6,819958
12,224,Solanum_abitaguense,60,262584.5,43362.6,62301.6,88526.3,119770.2,154044.6
657,164,Solanum_mauense,41,88182.6,43159.4,68173.1,75220.2,80482,83001.8
317,124,Solanum_dennekense,31,954551.2,43026.6,60945.7,114954.2,241421.7,340416.6
336,400,Solanum_ditrichum,120,66474.7,43019.3,49224.6,53241.5,58016.6,59990.7
1103,224,Solanum_turneroides,62,883395.5,42490.7,136803,220129.8,556564.9,655479
1140,296,Solanum_vernei,76,152038.9,42477.7,83431.4,106849,125245.8,133675.9
1125,128,Solanum_vaillantii,33,397364.3,42144,129303.2,184265.1,241752.8,269624.6
72,532,Solanum_andreanum,142,351798.4,42137.6,86930.3,120418.8,189042.9,231169
287,224,Solanum_cunninghamii,67,626514.1,42075.3,92042.1,132853,249152.9,330352.8
434,280,Solanum_goodspeedii,73,215324,42064.7,79524.4,99269.4,126980.8,145868.7
338,96,Solanum_diversifolium,24,2451869.74,41956.3,10156.7,15331.7,41886.1,107085.1
1036,224,Solanum_sycophanta,60,1094830.6,41800.4,87623.4,184784.6,250468.1,285130.3
256,244,Solanum_confusum,66,425333.7,41483.1,87865.5,111771,143225.4,178532.9
1015,288,Solanum_stipuloideum,80,97364.6,41256.4,61446.6,70240.2,77888.2,81125.7
124,264,Solanum_aureum,69,87857.4,41138.4,52299.6,59749.8,67024.7,72773.8
496,144,Solanum_humile,36,1628970.6,40791.6,229784,414293.8,562276,796169
738,360,Solanum_ochranthum,94,1059848.3,40682.9,81504.3,114929.4,154770.9,184543.4
872,448,Solanum_pungetium,126,250028.6,40613.5,55539.5,63602,96512.6,120935.2
806,396,Solanum_peruvianum,107,9198020.4,40595.9,62266.2,79681.8,106387.8,129661.5
921,408,Solanum_rovirosanum,108,516462.6,40536.6,44379.3,46180.3,51474.6,62297.6
259,152,Solanum_consimile,38,731408.6,40340.2,59105.3,65722.1,77161,84125.8
202,216,Solanum_catombelense,54,1967539.1,40153,551932.4,968475.8,1309455.4,1431986.5
1056,88,Solanum_terraneum,26,122125.9,40146.8,64451.8,85342.4,100500.5,106832.6
368,232,Solanum_endopogon,61,3969905.5,39957.1,310297.6,645254.8,1463545.4,2224957.5
367,176,Solanum_endoadenium,49,289526.7,39592,66117.6,81756.4,128973.3,157869.5
891,128,Solanum_reductum,33,105006.4,39511.6,51955.6,60660,79224.8,87778.1
1076,192,Solanum_trachytrichium,51,362837.4,39425.9,165803.9,208851.3,260180.3,284426.5
699,280,Solanum_multiflorum,79,658060.5,39414.2,114473.2,164079.9,572298.7,615482.2
1035,132,Solanum_sycocarpum,37,301291.9,39243.2,65456,107570.1,157235.4,184458
892,120,Solanum_reflexiflorum,34,398743.8,39184.3,54306.6,79602.4,196143.1,256951.2
970,128,Solanum_senticosum,38,244803.7,39154.3,55104.7,60431.1,66691.9,75904.8
172,144,Solanum_calidum,38,2470241.4,38943.8,122344.5,194624.6,268112.9,818395.6
291,88,Solanum_cyaneopurpureum,22,493162.5,38905.5,73669.1,105665.6,376103.1,415465.1
67,116,Solanum_amotapense,32,101657.6,38714.3,58501.7,67570.3,77405.2,81711.4
208,108,Solanum_cernuum,29,612637.5,38570.9,215245.9,284079.6,411581.4,460990.5
585,148,Solanum_laxissimum,40,137537.4,37418.6,89678.4,101964.6,113294.7,119029.2
1154,736,Solanum_viridifolium,256,691447.1,37385.8,53553.9,65843.3,151529.8,278884.6
851,124,Solanum_pruinosum,31,292835.3,37190.2,158047.8,192693.3,228565.1,248797.2
85,404,Solanum_antisuyo,116,1089690.2,37096.5,65670.3,96596,157257.2,208111.2
319,368,Solanum_densevestitum,106,556771.5,36724.7,46526.2,54472.2,119109.8,226606.3
163,124,Solanum_burchellii,31,1319392.7,36197.9,221568.5,249343.3,445494.8,691161.3
58,308,Solanum_altissimum,79,2303422.9,36053.4,511831.1,1058140.3,1602722.9,1835199.3
384,120,Solanum_falciforme,30,733163.8,35614.9,75070.5,89611.5,115469.5,129450.7
169,180,Solanum_caesium,50,117145.9,35541.1,50438.1,55261.2,74327.7,88932.2
818,108,Solanum_piluliferum,27,118306.3,34530.8,53761.7,71908.6,92702.6,99350.3
73,128,Solanum_anfractum,40,322984.2,34458.2,46765.1,64693.5,83474.2,99874.1
837,104,Solanum_polhillii,29,59762.7,34328.1,42472.1,49261.4,54051.8,55978.3
370,164,Solanum_eremophilum,47,2399064,34080.3,45817.1,87876.2,353616.9,720753.8
129,552,Solanum_bahamense,148,254346.2,33881.2,117021.1,181762.4,204711.1,211473.6
293,180,Solanum_cyathophorum,46,1782228.2,33854.8,93086.2,118397,186407.3,897048.6
920,172,Solanum_rostratum,45,11831566.4,33746,118382.8,172224,805546.7,1758179.3
428,132,Solanum_gnaphalocarpon,36,280452.1,33579.3,130991.3,178502.7,217110,236489.3
1068,104,Solanum_tomentosum,26,622416.7,33564.4,173454.7,215984.7,366175.7,402372.3
187,168,Solanum_capense,42,1475672.7,33266.3,211338.6,679537,832539.2,907769.2
444,56,Solanum_graveolens,17,53042.7,33226.3,41211.4,43577.8,47004.8,48651.7
312,180,Solanum_deflexum,48,1022317.2,32889.6,114686.4,157249.6,224234.8,263700
944,292,Solanum_saponaceum,83,453193.9,32722.8,53228.5,71398.8,93461.5,109896.3
1007,284,Solanum_stenandrum,80,710243.4,32540.5,208825,282063.4,498563.7,545497.1
92,172,Solanum_appendiculatum,45,573770.1,32455.9,61566.8,95775.7,154308.1,226532.9
136,148,Solanum_basendopogon,40,425443.4,32448.4,40952.6,66620.1,114015.2,180768.3
922,152,Solanum_rubetorum,40,635654.2,32237.4,88768,135143.1,241611.2,318264.8
976,104,Solanum_setaceum,28,98145.1,32050.2,73560.8,83160.6,89874.6,92650.6
456,268,Solanum_hapalum,79,76848.7,32000.8,39723.8,44971.4,49748.8,52885.2
320,140,Solanum_depauperatum,38,549780.8,31949.2,42488.6,64881.2,115578.6,162067.7
887,404,Solanum_raphanifolium,119,64065.3,31809,45292.1,52858.6,58023.7,60086.9
820,100,Solanum_pinetorum,25,600715.6,31799.2,49980.6,115404.1,196881,254720.2
808,132,Solanum_petraeum,67,106155,31420.6,37875.4,40140.7,58140.8,67174.6
251,192,Solanum_comptum,48,707729.1,31309.5,283034.2,341002.9,399114.8,429020.1
774,320,Solanum_pallidum,97,140454.2,30945.5,48760.1,57379.2,67031.8,73182.2
569,72,Solanum_lacerdae,18,128604.7,30649.2,39835.6,46689.4,54901.5,74523.6
529,132,Solanum_insidiosum,37,119866.8,30596.8,59610.7,75080.4,96759,104232.4
413,8,Solanum_galactites,3,30547.1,30547.1,30547.1,30547.1,30547.1,30547.1
427,368,Solanum_glutinosum,101,447869.1,30410,46969.3,58078.7,83383.8,115501.8
359,172,Solanum_elachophyllum,50,49301,30174.6,39620.7,43557.9,46328.5,47475.8
424,140,Solanum_glandulosipilosum,36,269651.8,29900.4,57180.6,71423.8,88316.4,95110.4
644,196,Solanum_malmeanum,49,645402.2,29686.5,203136.6,372742,469786.9,517902.2
780,200,Solanum_papaverifolium,57,210327.2,29291.1,100199,132944.5,170506.6,182855.8
804,128,Solanum_perplexum,34,102694.3,29246,40847.9,47163.7,56994.9,63328.1
587,92,Solanum_leopoldensis,23,45483.5,29202.4,38525.8,40815,43471,44231.2
994,168,Solanum_sogarandinum,44,46540,29083.7,35491.5,39309.9,42810.2,44228.8
993,80,Solanum_sodomeodes,20,164606.9,28935.2,113050.9,130173.2,143241.6,148616.6
140,80,Solanum_bellum,20,102418,28486,72768,81793.7,90096.8,93581
411,68,Solanum_fusiforme,17,230909.4,28395.6,64285,75060.2,83207.1,91695.4
839,144,Solanum_polyadenium,41,155613.3,28365.5,50083.4,67087.9,85200.6,98211.9
516,196,Solanum_incarceratum,52,7493009.6,28185.8,110400.1,311096.5,544604.5,838849.2
1138,160,Solanum_venturii,42,301605.3,28159.9,41075.1,49234.5,70965.2,87672.3
155,192,Solanum_brevifolium,50,619230,28138.9,83521.8,109454.4,143938,165477.6
254,96,Solanum_confertiseriatum,24,56535.1,28031.2,41877.7,47714.5,51879.9,53490
139,160,Solanum_beaugleholei,65,177617.1,27958.1,62477.1,87308.4,116479.3,126173.5
325,120,Solanum_dillonii,33,112528.3,27700.3,36870.3,55731.9,74039.1,82090
93,252,Solanum_appressum,65,744409.4,27681.4,70654.1,293453.3,448263.1,537724.8
701,284,Solanum_multiinterruptum,102,60129.4,27665.7,39965.3,47720.6,53199.2,55387.6
853,180,Solanum_pseudoamericanum,49,667899.6,27655.5,81330.9,118336.4,154427.4,176222.3
224,288,Solanum_chiquidenum,84,52940.4,27489.1,39459.8,44812.7,48473.3,49944.1
822,192,Solanum_pinnatum,50,118454.3,27070.9,44789.3,52333.4,64019.1,69725.7
100,212,Solanum_arequipense,65,284231.7,26990.7,55659.9,79265.8,107083,129723.4
694,132,Solanum_morrisonii,38,155181,26956.1,132940.2,141605.4,147816.6,150426.9
1071,212,Solanum_torvoideum,55,6537990.8,26861.2,49844.5,98750.5,139997.8,166735.8
665,112,Solanum_melastomoides,28,520159.6,26839.1,89070.7,284135,347370.3,396335.6
958,104,Solanum_schwackei,27,3463987.2,26433.8,53748,69745.2,87424.8,96207.9
1009,244,Solanum_stenophyllum,65,470868.8,26089.1,56984.1,91723,141049.6,183227.1
716,132,Solanum_neorickii,35,204813.9,25906.9,41581.8,57785.4,91771.7,111774.1
801,208,Solanum_pentlandii,56,190311.5,25660.4,69258.7,99474.2,125227.8,137004.1
432,228,Solanum_gonocladum,60,562918.7,25640.4,198030.6,234352.5,282778.1,339129.6
763,116,Solanum_oxycarpum,31,69469.1,25072.6,37040.7,41446.4,46957.9,53966.9
913,212,Solanum_rixosum,73,34563.6,25069.6,28949.8,30439,31629.8,32671.9
1012,124,Solanum_stipitatostellatum,32,72693.3,24888.1,45382.3,54908.5,61342.6,64420.4
799,224,Solanum_pennellii,57,1380693.4,24731.9,47391,57432.8,77618.4,89952.5
177,224,Solanum_campanulatum,64,52899,24418.3,30313.9,33819,39104.2,42737.7
878,80,Solanum_pyracanthos,20,548798,24300.4,78681.7,92148.4,107718.6,114868.9
814,160,Solanum_physalifolium,41,736758.9,23859.3,65269.5,78000.6,108261.2,141476.7
841,232,Solanum_polytrichostylum,65,432164,23668,69792.1,98519.7,174850.3,213383.2
737,196,Solanum_occultum,50,859276.5,23641.5,75410.9,589181.8,690265,741757.5
883,140,Solanum_quitoense,37,948574,23198,51986.9,76563.5,164656.6,192234.6
677,132,Solanum_microphyllum,34,33142.1,23118,29244.1,30177.4,31639.8,32240.1
286,92,Solanum_cucullatum,24,138998.2,23060.1,44162.5,55175.4,72320.6,91985.3
195,240,Solanum_caricaefolium,62,1149002.4,22852.2,127046.5,342667.5,558113.7,746804.5
821,164,Solanum_pinnatisectum,46,47903.9,22821.9,31565.2,37337.4,42092.3,44136.3
687,168,Solanum_monadelphum,45,737912.9,22708.8,93672.3,209001.6,250145.2,320054.5
99,164,Solanum_arenicola,42,733651.1,22065.2,206311.9,335893.4,461492.4,512148.2
570,124,Solanum_lachnophyllum,40,84395.5,21919.7,28787.2,35824.2,51132.3,58550.2
557,104,Solanum_jussiaei,34,140237.3,21915.5,46598.9,58004.8,65606.5,70074.2
781,200,Solanum_paposanum,52,253240.1,21839.1,31060.5,41929.6,81025,111712.1
429,144,Solanum_goetzei,37,1744087.5,21330.6,58852.4,231986.5,812228.9,905860.5
43,188,Solanum_agrimoniifolium,60,79746.4,20791.9,25783.8,29114.7,40213.3,46915.5
307,128,Solanum_decompositiflorum,32,861322.2,20727,273224.9,343613.1,443788.8,523622.8
31,216,Solanum_acuminatum,66,378356.8,20260.4,54010.8,77783.2,122196,156549.5
985,148,Solanum_sinuatiexcisum,43,625458.9,20173.6,40080.8,57431.3,85726.6,116815.1
5,108,Solanum_×edinense,32,54697.1,20134.2,37203,43495,48589.6,50675.5
598,68,Solanum_leucodendron,17,149441.9,20090.4,34846.7,47849.1,70965.2,88835.7
449,120,Solanum_guineense,31,187782.8,20005.5,27663.1,43970.9,86699.2,112403.9
997,132,Solanum_sooretamum,39,118657.4,20004.9,32484.5,36504.2,43094.4,49820
666,140,Solanum_melissarum,36,1056237.4,19970.5,82135.8,141118.8,208672.4,264182.1
1165,64,Solanum_wittei,16,62540.2,19904.6,44638.9,51617.5,56667.8,58397
1112,64,Solanum_umtuma,16,106640.4,19866.6,33865.9,49225.7,67452.1,80844.2
126,132,Solanum_austropiceum,35,508713.1,19796.5,108308,308777.2,401117.4,429391.8
133,152,Solanum_barbisetum,39,1140312.9,19752.8,126477.4,232938.5,357769.4,510688.7
1150,244,Solanum_violaceimarmoratum,65,143915.4,19502.7,53720.9,61586.4,72466.1,87728.1
171,48,Solanum_cajanumense,12,4545444.176,19173.5,4167.3,12004.5,19198.3,23275.4
161,156,Solanum_bullatum,40,420051.6,19035.5,69178.7,113639.4,180038.8,210726.5
940,104,Solanum_sanchez-vegae,30,115308.5,18928.2,27445.6,35937.6,49994.4,60087.1
1135,280,Solanum_velutinum,74,7777076.4,18883.5,92188.1,373083.3,1331454.4,2128669.2
460,168,Solanum_havanense,47,126918.4,18813.3,26301.5,34641.2,44661.2,54166.9
1075,216,Solanum_trachycyphum,62,1455160.1,18756.4,56702,106784.2,203471.6,254735.4
1155,136,Solanum_viscosissimum,37,926548,18741.3,105413,126908.5,431857.6,619069.6
1175,104,Solanum_zuloagae,31,144607.7,18690.9,39186.9,50398.1,66372.8,77746.7
258,148,Solanum_conicum,40,326628.3,18690.8,52340.1,105015,156005.3,203531.6
1000,252,Solanum_spirale,72,5716653.5,18621.7,53356.4,424067,621563.6,667624.9
576,252,Solanum_lanceifolium,66,1716777.7,18509.4,251124.2,537624.6,759884,1011902.8
480,112,Solanum_hjertingii,29,68636.7,18435.6,26726.3,30780.7,42565.7,48711.1
1010,64,Solanum_stenopterum,23,43983.8,18387.8,31886.6,35728.7,38543.9,40273.7
831,120,Solanum_plowmanii,35,23198.1,18386,20875.9,21758.3,22637.1,23019.3
234,152,Solanum_clarkiae,51,131221.8,18355.5,24135.7,76128,103678,112827.7
290,176,Solanum_cutervanum,49,372159.6,18324.7,32962.7,47498,65137.4,81892.1
425,316,Solanum_glaucescens,90,215523.6,18274.9,90763.5,106771.3,131752,145749.8
510,124,Solanum_immite,32,52688.3,18237.9,27626.9,33710.4,41373.7,44560.8
690,312,Solanum_montanum,82,247497.1,18081.5,33828,47037.4,71035.7,103858.8
838,112,Solanum_polyacanthos,28,56311.8,17989.9,34099.9,41305,47526.9,50205.8
592,52,Solanum_leptorhachis,15,49007.1,17800.7,25056.1,27515.8,31032.6,33723.6
506,192,Solanum_iltisii,51,119827,17797.1,32243.5,45617.9,72125.7,87285.1
302,60,Solanum_dasyanthum,15,110601.7,17674,27364.1,29516.7,39701.3,52511.7
35,120,Solanum_adoense,31,107374.6,17267.2,19927.7,32663.3,50755.5,62326.9
691,172,Solanum_morellifolium,46,998725.2,17090.6,139896.8,363528.7,654530.2,738380.5
1,236,Solanum_×aemulans,63,104014.2,17068.7,19078.3,21466.7,40045,56875.4
855,92,Solanum_pseudocapsicum,23,715907.5,17041.1,34778.7,58052.5,139749.1,194994.1
255,148,Solanum_confine,38,1262619.6,16939.3,121320.4,182861.6,313636.6,401503.3
277,88,Solanum_crassinervium,26,26210.9,16772.5,21179.6,23117.5,24573.3,25227.7
469,92,Solanum_heteropodium,36,22189.9,16641.4,20001.8,20942.4,21649.7,21947.5
352,224,Solanum_eburneum,76,935355.4,16427.8,27086.7,33413.3,61933.2,92353.4
956,116,Solanum_schulzianum,29,20492.9,16284.5,18405.8,19233.9,19967.2,20300.9
501,160,Solanum_hypaleurotrichum,41,94983.8,16201.7,20467.7,24314,27711.5,32637.2
717,104,Solanum_neorossii,29,26460.4,15907.7,21842.7,23550.4,24848.5,25344.9
966,200,Solanum_semiarmatum,62,305767.9,15892.1,38364.1,94498.9,141864.7,177188.7
785,88,Solanum_paranense,23,186000.9,15762.2,70203.9,77619.5,84392.2,88117.3
47,152,Solanum_albicans,41,104910.7,15699.2,21641.5,24613,30549.3,34741.7
56,128,Solanum_alpinum,36,65590.2,15604.3,25649.5,29689.5,36790,43976.5
698,220,Solanum_multifidum,57,213186.9,15526.2,24556.8,30058.7,36470.2,44933.9
1121,124,Solanum_usambarense,32,256882.5,15307.7,101329.7,140212,168285.6,187164.4
652,100,Solanum_marmoratum,27,266501.7,15286.6,28589.6,88604.2,159348.9,182938.6
265,164,Solanum_cordifolium,44,547802.8,15108.1,123701.6,256569.3,329286.7,358975.8
618,292,Solanum_longiconicum,102,23318.3,15052.7,17439.8,18614.5,20305,21419.3
490,88,Solanum_huayavillense,25,80000.3,15007.3,26772.8,32456.3,39525.5,45965.6
773,84,Solanum_pallidifolium,24,121068.6,14959.5,30738.7,63451.8,86927,95556.8
750,72,Solanum_oocarpum,22,1800696.2,14955.5,59995,108059,215601.2,271381.1
10,64,Solanum_×sambucinum,18,17827.2,14723.1,16562.3,17142.2,17602.8,17835.9
1082,184,Solanum_trifidum,49,26851.6,14598.2,21622.8,23522.5,24926.5,25517.9
623,60,Solanum_luculentum,15,173847.7,14144,40780.8,51236.8,59032.2,62171.3
638,200,Solanum_magnifolium,70,22538.9,14042.2,16251.6,18398.2,20429.9,21320.2
705,104,Solanum_myoxotrichum,27,115840.6,13990,28494.2,44590,71871.7,84194.7
788,188,Solanum_paucidens,47,1072458.1,13901.1,259798.9,471630.5,754837.5,825572.1
283,84,Solanum_crotonifolium,25,1468637.8,13784.5,27420.4,34739.8,50831.3,65664.2
700,148,Solanum_multiglochidiatum,50,17437.6,13782.5,15354.1,16078.1,16837.6,17181.5
26,84,Solanum_acroscopicum,25,205745.6,13735.8,22868.1,28326.6,38461.7,43778.9
339,132,Solanum_dolichocremastrum,38,26875.3,13634.1,18987.9,21530.9,23792.9,24735.5
879,148,Solanum_pyrifolium,40,25678.6,13388.5,14651.2,15492.1,17266.7,19499.1
620,76,Solanum_loxophyllum,22,140135.3,13324.5,22002.3,30688.5,38959.3,43830
721,92,Solanum_nigriviolaceum,23,40128.6,13309,29030.1,32405.6,34870.1,36242.5
685,116,Solanum_mochiquense,34,70688.4,13045.6,23362.5,28107.9,39520.3,45566.8
451,148,Solanum_gympiense,46,183062.7,12991.4,23094.5,55002.4,95579.1,118888.1
332,160,Solanum_discolor,53,650384.8,12986.8,29744.2,40176.3,74393.3,94901.1
583,108,Solanum_latens,45,31151.8,12972,17125.3,18799.2,23078.3,25752.5
24,44,Solanum_acroglossum,11,18247.8,12780.2,15629.6,16705.8,17601.5,17901.7
1162,96,Solanum_whalenii,27,50167.4,12714.1,26266.2,31813.6,36625.4,41039.6
835,144,Solanum_poinsettiifolium,36,2413722,12691.4,134570.9,236554.1,346136.7,490711.5
1109,256,Solanum_umbellatum,66,2916006.7,12667.5,77332.1,257389.7,539007.7,1157736.2
1050,136,Solanum_tenuisetosum,34,1101074,12439.8,144797.3,310452.1,585566.7,692187.1
725,192,Solanum_nobile,67,63567.1,12365.3,14961.5,16835.9,22549.5,26537.4
655,84,Solanum_maternum,24,49072.4,12250,23921.5,30722.1,37478.6,40855.5
885,124,Solanum_ramonense,35,28020.3,12249.8,15219.4,18247,21154.9,22944.9
498,64,Solanum_hutchisonii,16,40096.1,12233.4,25098.9,29454.6,33615.6,35404.2
868,196,Solanum_pugiunculiferum,64,1592832.3,12209.8,24208.2,36286.3,64744.8,91491.7
897,124,Solanum_remyanum,32,34920.2,12116.4,16195.1,19339.4,24170.3,27337.1
608,248,Solanum_limitare,77,122914.3,12093.5,20126.1,24087.6,30870.1,33531.9
311,88,Solanum_deflexiflorum,23,75392,11947.8,28116.4,41778.2,52834,57532.6
467,112,Solanum_hesperium,33,487804.7,11940.1,17971.7,24088.5,51045.3,204415.5
748,120,Solanum_olympicum,32,2307079.6,11939.1,74737.6,137843.4,671535.6,726404.5
556,120,Solanum_juninense,35,192506,11722.4,24715.3,43525.3,61168.1,68514.8
777,92,Solanum_pampaninii,23,209819.8,11714.2,30277.2,50798.2,85061.2,120353.2
1004,48,Solanum_stellatiglandulosum,12,70664.2,11650.5,39285,51674,60357.7,63701.1
238,80,Solanum_clivorum,21,38449.3,11538.2,22865.8,28492,32510.8,34374.6
1078,120,Solanum_trichoneuron,31,297442.6,11048.9,22099.5,34604.9,77265.2,110717.2
284,48,Solanum_crotonoides,12,22121.4,11044.9,12898.2,14554.6,16406.8,17429.1
33,96,Solanum_adenobasis,24,399138.3,11028.2,17587.4,30138.7,47396,68956.3
3,88,Solanum_×brucheri,23,18257.8,10886.2,14790.5,15855,17050.8,17543.7
463,84,Solanum_heinianum,22,74170.2,10873.4,12049.3,12598.3,15116.5,19708.4
125,88,Solanum_austro-caledonicum,26,16962.5,10858.6,14272.1,15359.2,16224.5,16517.5
1168,60,Solanum_woodii,16,106031.5,10828.8,15810.9,18586.3,41474.7,53651.1
267,204,Solanum_cordovense,55,6302186.7,10786.7,39306.2,81077.2,282244.7,740941
431,84,Solanum_goniocaulon,21,270863.5,10748.9,21662.3,27923.4,45340,60928.1
963,108,Solanum_selachophyllum,32,118791.1,10734.9,30373.2,45800,58544,69745.5
130,72,Solanum_bahianum,21,123283.2,10721.7,18552.6,20932.8,24872.6,28537.3
486,132,Solanum_hougasii,38,60294.5,10718.9,25033.1,35310.4,44613.7,48158.4
511,232,Solanum_inaequilaterum,82,272446.8,10707.9,17922,20870.5,23716.6,24952.3
663,44,Solanum_megaspermum,11,55805.8,10661.1,12251.8,14490.3,20833.1,25330.2
236,88,Solanum_clathratum,24,697736.7,10515.2,21655.3,44679.9,267760,378616.1
174,136,Solanum_callianthum,34,1604177.8,10434.2,29288.5,46787.9,95167.5,130337.2
250,64,Solanum_compressum,16,126340.8,10318.3,79329,95676.4,109601.5,115098.9
560,60,Solanum_kentrocaule,15,17849,10309.2,13382.9,14541.4,15771.5,16421.5
112,132,Solanum_asperrimum,33,301589.9,10212.5,42311,65417.8,95813,110329
322,196,Solanum_dianthum,68,79792.4,10193.8,25940.9,31051.1,36111.2,40610.1
27,108,Solanum_actaeibotrys,28,144633.2,10156.2,20248.8,29747.7,43827,52757.4
590,116,Solanum_leptocaulon,36,58295.1,10002,16507.3,20531.8,26043.5,29571.1
272,112,Solanum_corumbense,28,1094828.3,9886,24232,62955.1,303922.6,477399.6
1159,60,Solanum_warmingii,15,167371.3,9865.1,14164.5,17411.5,29594,44139.5
186,132,Solanum_cantense,37,36549.1,9817.8,16497.5,22209.1,26405,29577.3
34,76,Solanum_adenophorum,21,276088.8,9410.1,21081,25031.9,27845.7,32263.1
271,92,Solanum_cornifolium,29,102206.9,9399.8,23394.9,28801,45481.6,55793.9
989,68,Solanum_sitiens,19,18750.5,9389.5,14949.5,16401,17514,17990.1
610,180,Solanum_lindenii,48,1171132.3,9337.1,22748.2,35483.1,62470.5,93642.3
364,56,Solanum_emmottii,16,197062.5,9323.1,55219.6,84688.2,103341.3,125927.7
1057,92,Solanum_tetramerum,25,105344.6,9088,21988.8,43347.1,69733.3,81942.5
235,80,Solanum_clarum,32,12822.9,8961.6,11383.3,12070.8,12599.9,12826.1
982,220,Solanum_silvestre,71,131729,8889.3,27311,49106.8,69758,90250.5
422,60,Solanum_gilioides,17,139358.1,8728.9,30630,58847.1,87310.7,101611.6
632,336,Solanum_macoorai,119,34375.6,8701.2,9887.3,10431.1,11247.1,12217.1
1022,168,Solanum_suaveolens,43,2137215.8,8670.1,50883.6,196769.7,328870.7,598555.8
101,96,Solanum_argenteum,26,4645794.1,8534.9,59520.1,146156.1,205153.4,238768.5
664,156,Solanum_melanospermum,47,563540.5,8495.3,73152.3,140832.5,231367.8,291740.6
40,172,Solanum_africanum,47,201190.7,8494.5,15776.2,18200,23580.3,28692.3
992,52,Solanum_sodiroi,15,79811,8441,11333.3,13561.6,26066.2,39196.8
279,52,Solanum_crebrispinum,14,65528.6,8430.4,11674,20237.7,39803.3,48092.3
257,84,Solanum_conglobatum,22,809841.7,8252.2,20449.4,140707.5,421906.9,545523
314,64,Solanum_delitescens,20,25184.8,8194.2,17353.9,19728.2,21530.5,22533.1
813,84,Solanum_phoxocarpum,22,108147.5,8181.8,32126.1,45040.5,74503.3,85129.1
1017,156,Solanum_storkii,54,9918.8,8093.1,9081.2,9417.5,9728.7,9937.8
78,60,Solanum_angustum,19,100192,8034.9,18812.2,62785.9,79661.8,86294.9
881,132,Solanum_quaesitum,33,2537364.8,8020.8,235835.3,327717.1,556278.7,661547.3
676,56,Solanum_microleprodes,14,135278.6,7997.5,60340.1,71930.8,85720.5,92478.2
629,176,Solanum_lyratum,44,2791133.6,7960.6,64211.7,147855.4,1357429.4,1938039.2
459,52,Solanum_hastiforme,13,18651.6,7933.7,11206.2,14086,16267.9,17164.4
117,284,Solanum_asymmetriphyllum,108,21713.1,7870.6,11119.1,14795.5,17946.7,19250.4
759,124,Solanum_osteocarpum,33,161084.8,7851.7,98353.9,110398.2,129950.1,137611.9
81,72,Solanum_annuum,21,25287.1,7827.2,13955,17291.5,20266.3,21991.9
391,68,Solanum_ferrugineum,19,230825.8,7816.5,24535.7,34632.6,49653.7,62532.3
419,52,Solanum_gertii,13,60177.3,7746.1,18701.2,28144.5,38438.4,44583.6
323,72,Solanum_dichroandrum,18,221950.1,7739.1,114010.5,155455.4,185857.6,197177
900,52,Solanum_restingae,14,75128.7,7661.2,20403.9,29945,45911.7,54940
1003,52,Solanum_stagnale,14,92176.9,7619.2,20165.3,28720.4,36118.4,40080.1
714,108,Solanum_neoanglicum,36,24312,7580.7,14925.5,18660.5,21282.3,22355.4
702,52,Solanum_multispinum,13,201267.4,7578.1,26688.6,43455.2,89811.7,112709.8
950,64,Solanum_schenckii,16,119661.2,7551,18041.3,27335.9,69115.3,85228.8
1026,100,Solanum_subsylvestre,27,193949.2,7505.5,75996,146474.2,166616.4,175358.2
904,80,Solanum_rhizomatum,21,71564.7,7484.5,19270.7,27274.4,43161.7,51188.1
135,64,Solanum_baretiae,21,32259.2,7484.1,13869.9,21097.7,26322.2,28394.8
643,92,Solanum_malletii,30,299665.5,7482.8,57557,77122.4,154988,196141.2
827,60,Solanum_platacanthum,15,37188.4,7413.3,13735.9,16078.5,18264.8,19632.4
1063,72,Solanum_thomsonii,19,34869.5,7402.4,12202.7,15299,20875.8,25277.7
626,112,Solanum_luteoalbum,33,374201.8,7337.6,15464.7,20881.1,41259.8,73808
497,80,Solanum_hunzikeri,21,97181.4,7325.6,18387.2,22174.1,25933.2,28413.2
1094,120,Solanum_trizygum,31,757636.4,7304.7,11246.5,13050.9,17444.2,29404.1
536,104,Solanum_involucratum,26,1364693.6,7164.9,14197,255458.7,412973.1,458762.5
182,120,Solanum_candidum,32,1022665.3,7099.1,18274.9,82099.8,268065,463250.1
152,116,Solanum_brachyantherum,30,66741.5,7041.9,20688.1,32362,43988.4,49035.8
289,108,Solanum_curvicuspe,35,8892.8,7031.6,8055.7,8377.3,8652.7,8807.9
534,104,Solanum_intonsum,38,37240.9,6968.9,14591.3,23568.2,29094.2,31362
414,96,Solanum_galapagense,32,8114.5,6924.7,7953.9,8191.5,8238.9,8255.9
824,228,Solanum_pittosporifolium,57,12619070.2,6871.5,47124.4,530834.7,2227563.3,2651028.7
584,56,Solanum_latiflorum,14,112886.2,6850.3,11830.7,14084.9,24850.4,36527.7
909,84,Solanum_riojense,24,127544.9,6843.7,24075.3,55697.2,84380.3,94519.4
398,92,Solanum_flahaultii,23,50662.1,6737.7,16629.9,20378.8,25168.9,28744
215,152,Solanum_cheesmaniae,45,9049,6727.7,7759.3,8737.8,9056.4,9105.3
1105,124,Solanum_uleanum,31,627682.5,6649.1,49751.4,101411.5,252237.1,324440.8
810,72,Solanum_phaseoloides,19,367452.3,6647.7,12546.3,18127.7,85411.7,155488.9
416,48,Solanum_gandarillasii,12,9887.9,6642.1,8617.4,9221.8,9639.9,9794.5
796,40,Solanum_peikuoense,11,8928.5,6616.2,8055.1,8483.6,8838.5,8993.3
349,152,Solanum_dunalianum,44,942101.3,6592.1,92748.9,223091.2,581317.8,700666
896,32,Solanum_reitzii,9,27228.9,6568.3,11279.8,15004.7,20419.8,22623.7
194,160,Solanum_carduiforme,56,399087,6553,10131.5,23484.5,60344.9,118923.1
203,172,Solanum_celatum,63,8592.3,6529.9,7795.8,8161.3,8447.7,8592.4
142,32,Solanum_betroka,8,35918,6525.5,19747.3,22639.1,29232,32268.5
1087,64,Solanum_trinominum,17,33309,6460.4,10297.8,15345.2,21590,24178.5
261,112,Solanum_cookii,45,55308.6,6414.6,11758.9,16442.1,23105.5,31513.3
32,88,Solanum_acutilobum,23,2625139,6341.5,16356.7,47128.1,341579.7,380098.3
1176,48,Solanum_zumbense,12,428623.7,6311.3,8392.3,14758.4,26336,68804.2
1123,120,Solanum_vacciniiflorum,36,311094.9,6207.7,14150.5,30405.6,57632,156585.6
633,80,Solanum_macracanthum,20,111588.9,6175.3,59897,76914.7,89373.6,95410.5
525,44,Solanum_innoxium,19,22941.9,6067.6,13787.8,17395.1,20003.6,21073.2
53,128,Solanum_allophyllum,33,418633.1,6012.1,51105.9,92358.9,185689.4,227649.9
955,56,Solanum_schomburghii,16,670782.2,6006.7,36825.8,126480.7,263283.4,379485.8
1027,100,Solanum_subtusviolaceum,31,164188.9,5988.5,19312,28184.2,38568.7,48123.6
150,80,Solanum_bonariense,20,1337531.2,5896.1,11368.3,108270.4,228065.8,782138.5
923,76,Solanum_rubicaule,20,166441.7,5866.6,15136.7,27420.5,37866.1,50372.1
374,72,Solanum_erythrotrichum,19,1486878.7,5751.8,9824.5,11132.3,12306.9,27266.8
1043,104,Solanum_tampicense,27,1846163.6,5739.1,17760.1,76251.8,405472.4,723148.6
637,96,Solanum_maglia,28,121943,5727.6,45950.7,74465.4,91699.4,101008.5
1166,80,Solanum_wittmackii,26,7144.9,5706.3,6514.8,6852,7129.6,7243.7
965,32,Solanum_sellowii,10,7236.9,5681.4,6676.6,6998.7,7262.9,7367.7
483,20,Solanum_homalospermum,5,9085.7,5670.6,7599.6,8336.1,8875.2,9142.4
555,64,Solanum_junctum,16,101232.4,5625.6,12999.5,20444.3,33343.4,48457.1
649,36,Solanum_marantifolium,14,11383.2,5616.9,8756.2,9859.2,10702.3,11044.8
321,84,Solanum_diamantinense,24,133894.9,5604.3,44023.3,80871.2,102274.8,110778.8
249,52,Solanum_complectens,15,73662.4,5563.1,9484.5,11853.2,16015.1,22059.5
1014,96,Solanum_stipulatum,26,399394.9,5558.8,31606.4,67646.4,105509.7,135955.6
549,92,Solanum_johnsonianum,40,7025.5,5557.6,6503.9,6812.8,7053.8,7156
520,116,Solanum_incurvum,40,136479,5473.4,10402.1,14073.5,29743.1,43059
847,116,Solanum_procumbens,30,1457088.8,5460.7,28172.4,78344.8,327013.5,465049.4
684,28,Solanum_mitlense,7,22153,5421.2,9351.9,12133.2,15821.7,17670.8
137,56,Solanum_batoides,15,164795.2,5418.2,42159.5,67512.5,103489.6,119612.1
430,112,Solanum_gomphodes,32,1012091.7,5310,10110.1,18107.9,110517.5,287303
1097,76,Solanum_truncicola,20,39625,5271.2,8561.1,11559.6,14407.6,15727.2
282,72,Solanum_croatii,19,9010.9,5244.3,6939.1,7840.3,8532.1,8830.6
706,84,Solanum_myriacanthum,22,1378089.8,5153.5,10781.7,14598,28293.9,114889.7
309,164,Solanum_defensum,57,15436.8,5149.1,9207.6,10683.2,12226.6,13261
720,108,Solanum_nigricans,28,490127.1,5139.7,24893.3,53611.5,97750.4,155766.7
66,40,Solanum_amorimii,13,16571,5107,7782.7,9486.6,12676.9,14034.9
755,48,Solanum_orbignianum,13,212731.7,5027.4,72188.4,95335.6,143015.6,161034
86,60,Solanum_apaporanum,15,2034675.5,5021.8,8387.1,16609.3,77763.7,389468
946,60,Solanum_saturatum,16,10237.7,5021.6,6212.3,7060.6,8150,8895.4
38,56,Solanum_adspersum,14,27012.1,4988.6,6802.3,7383.9,7765.5,7994.5
1002,56,Solanum_sporadotrichum,16,213190.5,4969.1,12387.6,14346.3,15585.2,22135.5
162,48,Solanum_bumeliifolium,12,8587.6,4927.1,6586.4,7425.2,8101.3,8405.9
969,112,Solanum_sendtnerianum,28,1027386.1,4867.7,11999.9,203560.8,373276,554639.6
735,92,Solanum_oblongum,26,16318,4782.8,7316.4,8596.9,10399.3,11465.3
4,32,Solanum_×doddsii,9,12258.2,4701,8329,9721,10959.2,11531.8
276,88,Solanum_cowiei,27,78940.7,4663.5,17065.3,36265.6,50370,58201.2
741,132,Solanum_odoriferum,34,278565.8,4636,23550.3,37129.1,57064,64804.2
829,32,Solanum_platycypellon,8,28602.7,4599.5,6353.8,7284.8,8436.2,9735
263,108,Solanum_coracinum,30,65978.1,4580,41823.9,51299.6,57847.1,60485.2
739,104,Solanum_ochrophyllum,29,344003.1,4563.5,10120.9,16486.6,34957.6,53551.2
509,96,Solanum_imberbe,26,546137.4,4556.8,53169,146671.3,301219.5,381316.7
707,52,Solanum_myrsinoides,13,6888.5,4552.8,5680.5,6017.1,6351.5,6630.2
1115,48,Solanum_unilobum,12,69373.7,4537.6,17184.6,28278.2,37804.4,47256.3
1119,36,Solanum_urticans,9,16238.6,4536.9,7693.3,10413.1,13228.9,14283.7
628,60,Solanum_lycopersicoides,17,16042.3,4478.4,6851.1,8315.2,10223.1,11551.3
205,52,Solanum_celsum,16,47585.3,4448.5,8102.9,9178.2,10136.2,11378.1
943,56,Solanum_santosii,14,68272.1,4418.7,39930.9,51181.1,58487.8,61774.5
1080,48,Solanum_trichostylum,13,71239.2,4369.8,9932.9,18529.9,37089.8,46449.1
200,36,Solanum_cataphractum,9,5440.1,4345.6,5084.4,5124.6,5298.7,5398
233,112,Solanum_clandestinum,31,333235.1,4336,15136.1,30332.5,50261.1,63268
798,132,Solanum_pendulum,36,1437200.6,4331,210575.8,305814.6,396385.5,592846.6
500,140,Solanum_hypacrarthrum,40,34315.6,4296.7,7361.5,9717.7,12360.5,17696.5
383,56,Solanum_expedunculatum,15,19656.9,4296,6852,10480.8,14381,16156
1024,68,Solanum_sublentum,19,638070.4,4283,31418,145970.8,409040.2,490504.4
1137,64,Solanum_venosum,17,88867.1,4241.5,24334,38384.1,52519.4,59367.6
743,76,Solanum_okadae,24,46354.1,4229.8,15063,22388.2,30016.1,34558.3
718,28,Solanum_nienkui,7,14196.4,4205.6,6012.9,7703.3,10823.7,12070.1
863,64,Solanum_pseudosycophanta,16,29682.5,4177.7,8322.4,13189,20570.9,23563.5
561,84,Solanum_kioniotrichum,23,219056.4,4167.8,32904.2,98361.8,133618.1,160983.2
894,108,Solanum_refractum,31,115785.2,4145.2,11078.6,16321.8,26318.8,35189.4
333,60,Solanum_dissectum,21,7480.1,4144.6,5810.9,6532.8,7091.5,7327.6
805,48,Solanum_pertenue,12,35433.4,4120.4,7993.3,9533.6,14398.9,18583.9
902,40,Solanum_retrorsum,10,91585.1,4085.3,12956.7,20378.3,29773.1,33093.8
119,40,Solanum_atitlanum,10,26988.6,4075.1,5056.7,6443.7,7903.1,9124.2
464,92,Solanum_heleonastes,25,961334.6,4051.6,14616.7,105260.9,213593.5,272128.9
167,68,Solanum_cacosmum,17,820798.8,4050.2,36914.7,383306.1,682435.6,725319.5
1122,68,Solanum_usaramense,17,447352.8,4044.5,38618.5,63178.4,104288.4,130013.8
573,64,Solanum_laevigatum,16,60917.5,4038.2,18140.1,27298,36142,42634.4
1142,40,Solanum_versicolor,15,7116.1,3934.1,5892.7,6447.8,6881.8,7062.6
158,64,Solanum_buddleifolium,18,158479,3914.4,7235.9,10903.8,15733.8,19974.6
1120,36,Solanum_urubambaense,11,5186,3831.2,4698.6,4972.9,5202.7,5292.9
979,112,Solanum_shirleyanum,40,10172.4,3801.4,6464.9,7738.6,8814.1,9399.4
800,104,Solanum_pentaphyllum,27,569830.2,3789.4,9886.7,30437,84498.6,117738.6
514,60,Solanum_incanoalabastrum,19,127014.9,3762.2,16350,24159.6,40009.6,62004
1042,64,Solanum_talarense,19,15473.2,3725.5,5170.4,6389.5,7518.5,8592.7
888,56,Solanum_raquialatum,18,5468.4,3691.2,4433.9,4886.9,5293.6,5464
764,52,Solanum_oxycoccoides,16,44228.8,3687.8,9907.5,18147,27921.8,33086.6
188,44,Solanum_capitaneum,16,15110.5,3672.5,7988.2,10576.7,12701.7,13573.8
52,56,Solanum_alliariifolium,17,18992.2,3606.3,7662,10847.4,14373.8,15811
766,32,Solanum_pabstii,8,151970.4,3586.4,25539.4,43578.8,63369.6,71152.4
826,108,Solanum_placitum,28,1794447,3576.2,31468.4,45445.8,368929.2,525473.4
123,64,Solanum_aureitomentosum,16,2181845.2,3550.2,15924.6,47004.1,199392.8,699674.4
275,60,Solanum_costatum,16,194047.2,3549.8,48511.8,91158.1,132975.7,153074.3
1139,100,Solanum_verecundum,25,339775.4,3540.8,4743.2,6454.3,11196.4,28149.2
767,28,Solanum_pachyandrum,7,35529.1,3484.5,4908.7,5912.5,16339.2,22375.8
226,52,Solanum_chmielewskii,13,706950.7,3386.3,4381.6,5459.6,8413.5,11494.5
939,36,Solanum_sambuciflorum,9,212244.3,3350,6916.8,8916.1,12622.5,26597.7
865,56,Solanum_psychotrioides,14,85555.7,3348.1,14689.2,28836.6,42180.7,49646.5
491,80,Solanum_huaylasense,24,8186,3318.9,5042.7,6284,7274.6,7687.7
457,80,Solanum_hasslerianum,21,896411.5,3295.1,59515.9,205459.1,271396,314747
1146,72,Solanum_vestissimum,18,592607.7,3285.3,55753.4,121428.4,274790.1,368390.8
1039,64,Solanum_tabanoense,16,452430.7,3284.7,10370.5,30933.4,69546.4,106747.3
1005,56,Solanum_stellativelutinum,17,15527.5,3238.3,5121.1,7237.2,10196,12009.2
60,104,Solanum_amblophyllum,37,15883.2,3207.2,4114.1,4933.1,6110.4,6959
380,56,Solanum_evonymoides,16,31704.1,3180.2,7195.1,10813.9,14885.6,16581.8
147,60,Solanum_bolivianum,15,39380.1,3176.8,11224.3,17709.9,25796,29083.9
797,24,Solanum_pelagicum,8,8698.8,3159.6,4480.5,4869.3,5175.4,6105
23,68,Solanum_achorum,18,70316.2,3047.7,9454.3,16338.2,22284.9,25583.6
622,28,Solanum_lucens,7,7906.4,3046.2,4980.1,6045.9,6950.9,7693.3
1069,36,Solanum_torreanum,9,10599.7,3028.3,4888.9,6641.1,8371.5,9077.9
825,60,Solanum_piurae,18,3207.6,3014.4,3252.3,3319.9,3379.3,3415.3
348,32,Solanum_dumicola,10,5206.3,2994.8,4286.3,4669.9,4967.1,5097.6
1081,60,Solanum_tricuspidatum,16,2502511.6,2966.4,5285.4,6734.9,42687.4,150435.8
895,56,Solanum_reineckii,15,26603,2957.3,9247.9,11638.8,17689,20594.3
934,80,Solanum_salamancae,21,64369.4,2949.3,7383.3,11033.2,17127,20593.8
244,28,Solanum_cochoae,7,16295.1,2949.2,4767,7135.2,10602.6,12560
697,52,Solanum_muenscheri,14,3231.3,2928.8,3211.8,3302.9,3376.3,3407.5
441,32,Solanum_graniticum,9,17024,2927.3,6055.1,7931.4,10643.2,12565.2
1020,60,Solanum_stupefactum,28,5176.8,2905.3,4326.3,4734.1,5049.9,5184.3
394,32,Solanum_filiforme,9,60105.1,2889.3,6066.5,7181.3,8101.8,8439.6
1079,28,Solanum_trichopetiolatum,8,4407.2,2855.5,3842.7,4149.4,4387.9,4490
625,68,Solanum_luridifuscescens,17,253253,2808.1,27862.6,40535.3,56274.9,68397.7
861,68,Solanum_pseudosaponaceum,18,1852873.6,2726.1,5836.3,7468.8,22589,52019.8
266,52,Solanum_cordioides,16,9504.6,2609.7,4435.6,5992,7590.8,8261.6
1070,36,Solanum_torricellense,14,93119.8,2602.2,8261.1,15935.7,31237.5,40611.2
247,40,Solanum_comarapanum,10,20162,2569.6,4420.6,7730.1,12224.5,14824.7
178,108,Solanum_campechiense,27,2456530.4,2569.5,21658.7,51246.9,139520.5,524893.9
538,36,Solanum_iodotrichum,11,13899.2,2547.6,5445.7,6973,9725.2,10837
586,52,Solanum_leiophyllum,15,35098.2,2536.5,3470.8,7235.7,12399.2,17417.5
978,28,Solanum_setosissimum,7,15754.5,2522.7,8009.5,10589.5,12734.7,13603.2
1172,52,Solanum_youngii,14,32703.7,2504.8,8059.8,15052.8,22671,25940.1
477,44,Solanum_hirtulum,11,50762.7,2438.1,7236.6,10882.9,20981.1,27599.8
1099,84,Solanum_tuerckheimii,24,177457.3,2427.9,7650.1,15151.5,30184.3,47178.6
65,56,Solanum_amnicola,14,567423.8,2356.5,7528.4,13346.3,34780.8,56309.9
670,24,Solanum_mentiens,11,2442.4,2258.8,2463.3,2530.3,2582.1,2604.8
1032,36,Solanum_superbum,9,22188.9,2227.2,2905.3,3147.6,3346.5,3398.1
571,52,Solanum_lacteum,15,100307.1,2173.3,16602.5,26480.2,33810.9,43478.5
973,64,Solanum_serpens,27,2665.7,2126.5,2509.4,2643.6,2748.9,2794.3
1134,68,Solanum_vellozianum,18,44993.3,2112.4,2989.5,4059.4,7552.3,16225.6
264,128,Solanum_cordatum,33,3413104.2,2069.2,207144.9,406401.3,601720.3,961027.3
563,20,Solanum_knappiae,6,7012.2,2067.1,4466.9,5404.7,6124.5,6428.8
489,48,Solanum_huancabambense,15,4342.6,2059.3,2693.9,3141.5,3784,4121
757,28,Solanum_orthacanthum,9,2933.9,2058.2,2670,2855.3,2999.6,3061.4
631,52,Solanum_macbridei,14,66480.7,2057.6,4522.8,5355.2,7521.4,9726
149,8,Solanum_bombycinum,3,2055.7,2055.7,2055.7,2055.7,2055.7,2055.7
493,28,Solanum_humblotii,9,21868,2049.7,8462.5,12883.6,16866.3,18561.2
615,36,Solanum_lobatum,10,15062.6,2010.5,9380.9,11426.4,12908.2,13615.9
495,36,Solanum_humectophilum,9,2965,2009.5,2671.1,2864.8,3000.3,3092.1
369,32,Solanum_ensifolium,9,2369.2,2004.9,2315.5,2436.7,2510.5,2557.5
648,40,Solanum_maranguapense,11,77108.1,1975.6,3038.8,4197.5,6633.5,9302.5
519,8,Solanum_incomptum,3,1905.6,1905.6,1905.6,1905.6,1905.6,1905.6
37,40,Solanum_adscendens,11,120828.7,1898.4,60549.9,85674.5,101517,107607.8
455,96,Solanum_hamulosum,35,1812.3,1890.1,1943.7,1964.5,1981.4,1988.6
1098,28,Solanum_tudununggae,7,8808.3,1835.7,3579.2,4266.8,6201.1,6544.6
392,40,Solanum_fervens,12,5392.3,1833.6,3558.7,4568.1,5139.6,5302.6
915,52,Solanum_roblense,15,4932.3,1832.9,3217.8,3705.3,4223.8,4513.8
71,40,Solanum_ancophilum,13,2861.5,1816.2,2501.8,2756.8,2972.4,3053.4
382,20,Solanum_exiguum,5,85404.1,1771.3,3493.9,17750,44519.5,58839.3
848,24,Solanum_profusum,7,2231.4,1770.9,2127.9,2237.9,2325.9,2367.1
1164,28,Solanum_wilkinsii,9,6750,1758.4,1946.9,3230.8,4712.5,5424.5
1129,32,Solanum_vansittartense,8,2152.3,1755,1788,2127.9,2243.9,2397
1163,32,Solanum_wightii,11,7242.8,1744.5,3629.3,4942.9,6088.7,6561.8
991,56,Solanum_smithii,16,87396.3,1731,17908.3,29879.8,42707.8,55123
893,52,Solanum_refractifolium,13,552835.3,1704.7,28206.4,47188.5,119280.2,198811.1
1127,28,Solanum_valerianum,8,22880,1700.1,14500.2,17892.1,20280.6,21262.4
844,56,Solanum_praetermissum,14,817112.2,1654.3,112091,149393,218782.9,238696
765,104,Solanum_oxyphyllum,29,849450,1606.1,102854.3,396619.2,505314.4,635603.8
108,44,Solanum_artense,12,9553.6,1551.7,4206.8,6161,7858.3,8539.2
103,40,Solanum_argopetalum,18,7504.4,1543.8,4240.3,5535,6512.3,6926.9
834,64,Solanum_pluviale,19,7229.2,1497.9,3411.6,4057.5,5049.1,5650.3
513,24,Solanum_inamoenum,7,14784.9,1487,6362.4,8279.8,10222.6,11157.1
908,80,Solanum_rigidum,24,2547.3,1480.3,2173,2265.5,2377.8,2437.2
1033,72,Solanum_supinum,18,795389.2,1478.4,141613.6,312209.7,366005.2,410331.7
170,32,Solanum_cajamarquense,10,1856.4,1464.1,1774,1880.7,1988.3,1997.5
198,56,Solanum_cassioides,16,86918.3,1442.4,19863.9,24582.9,44703.8,58925.4
998,36,Solanum_sotobosquense,9,3472.3,1400.4,2280.4,2758.6,3169.2,3360.5
21,64,Solanum_accrescens,16,2835474.2,1397.1,2454.4,3030.4,5456.6,41821.1
1095,52,Solanum_troyanum,16,1444,1386.9,1511.7,1552.6,1585.9,1599.3
756,16,Solanum_orgadophilum,6,2643.9,1383,2182.3,2425.5,2625.4,2709
189,20,Solanum_capoerum,5,4034.6,1374.8,2204,2800.1,3546.8,3842
673,44,Solanum_michaelis,11,163887.6,1374.2,3947,53055.1,101913.8,120199.7
679,48,Solanum_minutifoliolum,12,5353.2,1370.9,2597.1,3619.9,4592.6,4977.1
964,68,Solanum_sellovianum,18,650088.2,1321.5,10673.6,20810.3,37622.8,46374.6
787,56,Solanum_pastillum,14,66597,1320.4,6410.6,13339.1,35871.2,47735
11,48,Solanum_×vallis-mexici,15,2118.6,1319,1653.6,1876,2097,2194.1
987,16,Solanum_siphonobasis,4,2022.6,1311.7,1756.3,1898.5,1918.9,2049.6
1143,68,Solanum_verticillatum,19,32887.1,1291.3,3201.1,4843.7,15675.2,21240.5
703,36,Solanum_multivenosum,9,37449.9,1286.8,6561.8,10889.9,18822.9,24788.1
50,24,Solanum_albostellatum,6,3219.2,1245.2,1975.9,2593.2,3118.2,2831.2
1170,76,Solanum_xanthophaeum,23,253502.1,1242,2303.5,10611.5,27783.6,37114.6
580,56,Solanum_lapidosum,18,2880.8,1233.4,1618.7,2104.2,2462.3,2640.9
1157,48,Solanum_wackettii,12,107680.7,1229,24292.3,41785.2,59733.5,80754.6
762,28,Solanum_oxapampense,12,1187.1,1225.1,1292.1,1314.4,1332,1339.7
218,40,Solanum_chiapasense,10,43632,1223.5,3401.5,4310.2,5553.6,6587
562,32,Solanum_kleinii,8,101349.8,1222.3,3120.2,10773.9,32305.7,58461.3
305,24,Solanum_davidsei,6,57402.6,1219.8,2050.2,2895.3,49512.9,53647.8
471,24,Solanum_hibernum,6,1675.3,1214.7,1559.1,1664.7,1752.2,1792.7
146,36,Solanum_boldoense,9,50883.2,1194.6,2684.7,4753.1,7796,12631.6
386,16,Solanum_fallax,6,15608.9,1184.8,6176.9,8462.6,12591.8,12961.3
938,40,Solanum_sambiranense,11,89590.5,1122.4,2996.7,5133.2,21605.7,40973.9
299,68,Solanum_dammerianum,17,435243.7,1114.5,1982.2,6554,22510.8,39541.3
605,48,Solanum_lignicaule,14,1258.4,1109.7,1265.6,1342.9,1400.4,1427.2
366,88,Solanum_enantiophyllanthum,30,10441.3,1088.3,2189.2,3793,5549.6,6421
55,28,Solanum_alphonsei,7,9843.5,1063.7,5244,7062.1,8420.5,8963.5
214,28,Solanum_chamaepolybotryon,9,15610.7,1056.4,2174.7,2929.6,3820.8,4175.5
45,24,Solanum_alatirameum,7,30134.8,1042.7,4169.5,12981.1,20739.3,23789.1
328,88,Solanum_dimorphispinum,41,10646.7,1031.9,1662.7,2328.9,3389.7,4316.8
984,28,Solanum_simplicissimum,7,1136.1,1024.8,1189.6,1260.9,1307,1305.8
1030,28,Solanum_sulphureum,9,1424.1,1014.7,1338.2,1434.4,1510.5,1543.5
535,36,Solanum_invictum,9,1315.4,1002.8,1258.3,1354.7,1426.2,1453.1
1133,52,Solanum_velleum,13,224084.4,990.3,8523.2,21204.2,31937.4,87366.9
1031,40,Solanum_sumacaspi,12,6145.3,954.2,1330.8,1594.3,1955.1,2329
708,28,Solanum_narcoticosmum,7,110391.3,942.2,3293.7,4214,5717.9,11210.9
28,32,Solanum_actephilum,9,5209.7,941.3,2954.5,3888.8,4601.7,4894.5
696,12,Solanum_moxosense,3,1064.3,923.4,1097.6,1071,1231.9,1141.3
245,52,Solanum_cocosoides,19,6589.7,893.9,2904.9,4373.9,5477.6,5937.3
807,16,Solanum_petilum,5,10810.2,890.7,6782.8,8675.4,9540.2,10474.9
948,16,Solanum_scabrifolium,5,1878.6,871.1,1496.2,1718.8,1885.4,1961
942,108,Solanum_sandwicense,60,1708.4,855.7,1246.6,1487.5,1650.9,1722
968,64,Solanum_semotum,16,1757940.6,853,34650.1,82136.2,217801.6,712949.9
164,32,Solanum_burkartii,10,1297.8,852.1,1196,1336.1,1423.1,1438.4
856,20,Solanum_pseudodaphnopsis,5,1051.4,836.3,1056.2,1110.8,1132.9,1150.7
850,108,Solanum_proteanthum,27,4445490.1,835.7,78673.2,401402.6,598082.1,868021.7
69,40,Solanum_anamatophilum,11,4494.5,803.2,1438.5,2343.5,3345.2,3766.4
689,76,Solanum_monarchostemon,21,358476.8,795.3,2380.4,43927,77887.3,150525.8
505,28,Solanum_igniferum,9,10678.9,791.7,1047.4,1241.2,1474.8,1649.4
400,16,Solanum_foetens,4,38171.9,785.2,1057.8,1172.4,2882.6,4308.5
645,16,Solanum_manabiense,4,927.3,779.4,950.5,1013.9,1033.1,1040.5
153,40,Solanum_bradei,14,2716.2,770.9,1403,1782.2,2164.7,2361.3
1153,52,Solanum_viride,16,23088491.32,769.3,96.1,100,768,821.1
1101,16,Solanum_tunariense,5,878,763,899.5,946.1,981.3,999.9
660,28,Solanum_medicagineum,7,3594.6,759.4,2224.8,2856.3,3271.4,3465.9
280,48,Solanum_crinitipes,12,328561.9,755.7,11876.2,15132.6,44179.8,63992.3
79,24,Solanum_anisocladum,8,42439.9,736.8,1158.5,1780.3,3519.9,6114
1051,80,Solanum_tenuispinum,21,1651068,735,10451.3,16073.9,89304.3,203051.5
2,32,Solanum_×blanco-galdosii,9,10721.1,724.6,3801.8,5795,7526.8,8277.7
947,28,Solanum_savanillense,8,72991.1,710.5,2110.4,6546.9,17957.6,22907.6
911,44,Solanum_ripense,11,165346,693.3,8024.9,12979,22393.6,29425.5
159,36,Solanum_buesii,12,3471.4,684.6,1166.2,1475.5,2160.3,2697.5
292,76,Solanum_cyanocarphium,19,1482152.2,678.7,6945.4,25706.4,202001.6,350446.2
131,8,Solanum_banzicum,3,666.5,666.5,666.5,666.5,666.5,666.5
542,24,Solanum_isodynamum,7,4618.9,661.1,849.7,1106.3,1392,1474.1
903,56,Solanum_rhaphiotes,17,12302,658,5682.4,8122.1,10090.3,10896.6
616,16,Solanum_lobbianum,5,1290.5,650.7,1242.4,1221.1,1313.6,1355.7
1064,84,Solanum_tiinae,27,40976.7,642.4,2947.4,7034.5,14102.4,20717.8
929,32,Solanum_ruizii,8,14824.1,614.5,2192.7,4026.3,7039.7,8424.5
318,8,Solanum_denseaculeatum,3,596.4,596.4,596.4,596.4,596.4,596.4
452,20,Solanum_habrocaulon,6,40892.6,592.4,6676.9,9717.1,13006.8,17698.3
518,20,Solanum_incompletum,8,602.9,591,663.5,687.4,706.6,714.7
25,28,Solanum_acropterum,7,2413.8,586.2,1089.3,1728.9,2176.7,2343.2
1046,32,Solanum_tarnii,9,1963.5,578.9,1427.2,1711,1947,2045.4
481,64,Solanum_hoehnei,16,234782,572.6,9957,25974.7,64503.9,92398.5
782,28,Solanum_papuanum,7,42578.4,561.9,3171.8,5830.3,13158.7,18486.7
646,20,Solanum_mapiricum,5,531,558.2,616.3,620,650.2,652.8
165,32,Solanum_caatingae,8,267574.7,553.6,1912.2,57721,183058.3,210908.4
1107,32,Solanum_ultraspinosum,10,545.9,542.8,611.5,634.3,651.7,659.9
402,28,Solanum_fortunense,7,1626.1,541.2,988.1,1401.7,1608.7,1749.9
9,40,Solanum_×rechei,11,511.4,539.8,572.9,589.5,604.5,610.4
18,24,Solanum_acanthodapis,14,497,530.8,566.2,578.1,594,605.1
468,36,Solanum_heterodoxum,9,202076.3,528.1,3458,7208.1,11872.9,14897.6
494,20,Solanum_humboldtianum,5,4965.5,524.7,1082.4,1293.7,1713.4,2256.9
15,32,Solanum_absconditum,8,42092.5,516.7,4817.7,9167.3,20965.4,27725.7
889,16,Solanum_ratale,4,2691.3,515.6,1330.8,1636.5,1920,2328.9
642,40,Solanum_malindiense,10,929.7,509.7,755.4,837.8,894.4,976.4
858,32,Solanum_pseudolulo,8,118713.8,508.1,21118.6,33472.1,41577.8,47908
639,24,Solanum_mahoriense,7,446.5,504.4,531.4,546.5,543,545.3
49,24,Solanum_albornozii,7,1037.7,491.1,729.8,877.8,1036.6,1103.4
914,20,Solanum_robinsonii,5,609.6,482.3,624.2,678.5,711.7,724.5
1145,36,Solanum_vespertilio,9,722.7,474.2,684.3,733.1,778.5,801.2
545,28,Solanum_jabrense,9,21383.8,467.2,8213.5,11792.2,15885.9,17765.7
143,68,Solanum_bicolor,17,3957761.9,442,6963.5,85268,375741.1,629938.9
435,20,Solanum_gracile,5,6903,441.8,474.8,587.1,721.4,3562.2
355,32,Solanum_edmondstonii,8,6335.2,431.6,818.7,1884,3904.2,4941.7
199,28,Solanum_castaneum,7,45226.6,430.2,4420.4,11146.9,20379.3,24221
179,28,Solanum_camptostylum,8,655.4,426.5,577.5,671.7,742.6,770.4
1108,28,Solanum_umalilaense,8,2636.7,422.3,1460,2092.1,2551.7,2736.6
128,16,Solanum_ayacuchense,4,355.3,419.5,436.5,435.2,451.3,423.1
740,24,Solanum_octonum,6,12439.1,394.4,5486.8,8472.5,10287.2,10832.8
1093,12,Solanum_triunfense,4,506.5,394.4,520.8,567.8,605.8,619.8
899,24,Solanum_reptans,6,42408,391.8,1398.7,3449.9,13285.3,22757.1
715,28,Solanum_neocardenasii,7,10344.1,391.4,3612.7,6634.2,8405.5,9175.5
300,32,Solanum_daphnophyllum,8,135631.2,389,659,1740.2,6546.6,10790.4
87,24,Solanum_aparadense,6,25471,384.9,704.8,6314.7,17098.4,20025.2
95,20,Solanum_arachnoides,5,446.2,377.1,489.3,519.8,533.4,567.9
46,16,Solanum_albescens,5,5447.6,367.8,1443.7,1705.8,2166.2,3462.1
795,56,Solanum_peekelii,14,92523.9,356.9,1024.8,8903.9,49308.9,57376.3
575,32,Solanum_lamprocarpum,8,87029.9,349.4,2177,15544.5,28109,36318.2
278,32,Solanum_crassitomentosum,16,378.5,347.9,429.9,458.5,481.8,491.8
107,32,Solanum_armourense,16,295.9,344.6,359.4,364.7,369.1,370.9
790,16,Solanum_paucissectum,5,2186.7,341.2,598.7,779.1,1346.2,1482.3
543,16,Solanum_itatiaiae,4,308.7,337.6,384.2,384.4,393.5,408
981,36,Solanum_sieberi,9,311803.8,336.9,2284.8,2786.4,14962.7,22538.1
859,32,Solanum_pseudopedunculatum,9,8118.4,323.1,3492,5855.5,7021.4,7505.2
742,12,Solanum_oedipus,3,3314.5,322.7,1656.3,2430.4,3178.1,2886.6
823,32,Solanum_pisinnum,11,3831.4,322.3,717,1118.5,2250.8,2831.4
770,12,Solanum_pacificum,3,656.6,317.1,662.7,710.3,737.8,647.4
294,24,Solanum_cyclophyllum,6,46950.9,316,1345.7,2440.6,4912.2,10032
952,24,Solanum_schizandrum,6,35992.9,307.7,7792.3,17163.4,23384.7,27662.2
817,24,Solanum_pillahuatense,6,913.5,307,436.4,784.3,970.2,1046.7
967,56,Solanum_semisucculentum,30,813,305.8,372.3,410.1,516.7,704.7
507,52,Solanum_imamense,14,153308.6,305.3,33017.7,55160.4,86340.7,99817.5
962,44,Solanum_sejunctum,19,236.6,304.1,311.6,314.1,316.1,317
862,48,Solanum_pseudospinosum,14,1966.8,297.2,358.5,386.7,509.2,582.4
461,48,Solanum_hayesii,14,128651.6,279.3,870.6,6067.3,37083.9,65934.6
912,32,Solanum_rivicola,10,31305.4,271.7,460.7,1364.3,3423.2,10187.6
882,16,Solanum_quebradense,4,1736.6,264.4,1053.1,1221.9,1496.1,1729.5
778,16,Solanum_pancheri,4,55330.8,261.2,449.2,604.8,691.3,879.2
59,12,Solanum_amayanum,4,215.7,249.7,278.9,288.8,296.3,301.2
16,28,Solanum_abutilifolium,7,305014.4,247.1,2614.3,5551.3,185114.5,241821.8
408,60,Solanum_fulvidum,15,924853.1,243.6,47482.3,82887.9,798474.6,833778.1
83,20,Solanum_anomalostemon,7,200,235.7,264.9,275.3,285.2,290.1
1124,52,Solanum_vaccinioides,35,172.2,230.2,232.8,233.6,234.3,234.7
919,56,Solanum_roseum,14,203510.6,228.4,1838,4582,10055.9,18140.9
313,40,Solanum_delicatulum,13,262934.1,219.9,875.4,2147.4,7320.7,20042.2
695,24,Solanum_mortonii,11,1110.8,218.8,401.9,548.2,793.7,988.5
522,60,Solanum_inelegans,18,26978.5,217.7,283.8,530.5,1820.9,4894.5
512,28,Solanum_inaequiradians,7,2108.6,209.3,301.2,354.2,434.6,602.6
565,16,Solanum_kriegeri,6,3383.5,201.8,625.5,880.6,1326.7,1723
82,24,Solanum_anoacanthum,6,190427,199.8,1319.2,1966.5,52240.5,116893.7
1067,28,Solanum_toliaraea,7,144.8,197.3,216,219.3,220.5,218.5
595,16,Solanum_lesteri,5,2512,195.7,538.9,1043.1,1827.1,2117.5
77,32,Solanum_angustifolium,8,272721.9,194.5,352,860.9,1283.8,20375.7
1096,28,Solanum_truncatum,8,3671.1,190.2,788.1,1109.3,1568.6,2187
201,28,Solanum_catilliflorum,8,59158.2,189.2,568.9,733.1,890,1668.4
836,68,Solanum_poka,17,1202779.6,186,29804.2,44648.4,134556.1,165621
220,32,Solanum_chillagoense,11,126.1,184.8,190,192,193.2,194.5
607,20,Solanum_limbaniense,6,123.9,182.2,195.6,199.1,202.4,204.3
1136,32,Solanum_velutissimum,8,36215,172.2,679.7,1004.5,1561.7,1955.1
212,20,Solanum_chalmersii,7,127.3,170.7,189.8,196.5,202,203.1
6,24,Solanum_×michoacanum,9,137.5,169,201.3,214.7,221.7,225
225,20,Solanum_chlamydogynum,5,2047,157.4,175.9,182.4,922.3,1490.2
693,24,Solanum_morii,6,33142.8,156.5,696.1,1091.3,1416.9,13452.4
761,16,Solanum_ovum-fringillae,4,39796.7,154.4,295.6,1073.7,6438.1,10902.1
600,20,Solanum_lhotskyanum,6,10426.9,143.8,4584.8,6895,8576.9,9283.1
260,36,Solanum_contumazaense,12,90.2,141.4,142.9,143.5,143.9,144.3
7,24,Solanum_×neoweberbaueri,7,490.2,138.9,224,405.6,551.3,595.6
173,28,Solanum_calileguae,7,1307.9,138.8,214.2,297,505,621.8
372,16,Solanum_erosomarginatum,5,82.8,136.2,143.7,145.7,149.6,138.5
784,20,Solanum_paralum,8,38319.3,135.8,146.6,230.1,396.5,648.8
75,20,Solanum_angustialatum,5,84.7,130.9,141.4,144.7,148.8,149.6
849,16,Solanum_prolatum,4,1703.1,116.8,368.4,324.8,734,636.9
653,28,Solanum_martii,8,38373.2,113.3,8785.2,20577.9,28852.2,32042.3
578,32,Solanum_lantana,11,61996.3,111.9,323.8,617.8,3551.3,13031.4
731,16,Solanum_nuricum,4,56.9,111.5,118.6,117.5,116.8,117.4
1171,16,Solanum_yanamonense,4,636.9,111.5,193.1,131.5,423.5,493.6
192,12,Solanum_carautae,3,67,111.3,120.5,120.8,107,98.3
285,20,Solanum_cruciferum,5,12666.5,109.1,699.2,1255.5,3668,6277.5
954,20,Solanum_schliebenii,5,61.3,108.4,107.3,108.3,110.9,110.6
445,24,Solanum_grayi,6,344303.2,107.4,21.4,430.4,180.5,10917.7
746,20,Solanum_oligandrum,5,2448.5,105.9,144.4,120.9,199.9,275.4
1116,24,Solanum_unispinum,11,34361,102.1,1516.5,3603.9,5128.8,5758.4
405,32,Solanum_fraxinifolium,9,54089.9,98.1,266,402.8,582.7,742
548,24,Solanum_jobsonii,9,674.6,96.8,108.4,682.9,919.5,1030.2
747,16,Solanum_olmosense,4,3659.4,95.1,737.5,1147.2,1708.3,2194.6
999,24,Solanum_sousae,6,98434.1,93.9,175.4,4642.9,36481.3,55697.8
924,60,Solanum_rubiginosum,16,792077.6,92.5,19180.2,199365.4,579394.9,643202.7
443,16,Solanum_gratum,4,210.1,92.3,152.8,234.9,290.3,315.5
1044,24,Solanum_tanysepalum,6,4039.3,92,394.5,3339.8,4183.6,4264.2
465,12,Solanum_herbabona,3,639.4,89.3,288.8,466.4,610.4,615.4
41,28,Solanum_agnewiorum,8,4022.8,89.1,696.4,1973.4,3001,3425.7
356,16,Solanum_edmundoi,6,47.5,84.6,86.9,87.7,88.3,88.6
404,24,Solanum_francisii,10,45,84.1,86.8,87.4,88.2,88.6
1048,20,Solanum_tenuiflagellatum,5,24242.8,83.7,155.2,1517.9,11394.8,15373
840,24,Solanum_polygamum,10,2621,83.2,168.9,193.5,210.8,218
1158,28,Solanum_wallacei,15,48,82.9,84.1,84.1,84.6,84.7
334,28,Solanum_dissimile,8,73976.2,82.4,11776.2,30578.3,44928.9,52412
873,20,Solanum_pusillum,7,676.9,81.9,175.8,269.7,536.1,649.5
728,20,Solanum_nubicola,6,595.8,67.1,102.9,140.3,220.1,296.4
971,84,Solanum_septemlobum,21,4333725.8,65.5,29626.4,64722,1062403.9,1747457.9
544,12,Solanum_ivohibe,3,1399.3,64.1,269.7,443.2,642.2,1117.1
168,24,Solanum_caelicolum,8,175.4,63,93.7,137.8,241.2,266.4
582,12,Solanum_lasiopodium,3,80.6,62.2,100,184,261.9,11.2
345,20,Solanum_dryanderense,7,89.7,58.1,57.5,57.3,59.2,59.8
802,20,Solanum_pereirae,5,1243.2,57.6,802.8,1007,1362,1465.9
758,20,Solanum_ossicruentum,5,5975.9,54.9,97.1,264,2358.4,3400.6
870,16,Solanum_pumilum,6,171.5,54.5,77.9,99.8,144.8,192.3
181,12,Solanum_camranhense,3,555.5,54.3,77.8,103,141.5,225.4
864,16,Solanum_psilophyllum,4,4890.6,52,203,1487.7,3072.8,3968
617,12,Solanum_longevirgatum,3,277.4,49.4,189.6,305.4,365.3,420.8
395,20,Solanum_filirhachis,5,1130.2,49.1,302.6,496.4,846.1,1137.9
566,20,Solanum_kulliwaita,5,32356,47.6,95.8,77.5,73.6,12064
1092,12,Solanum_triste,5,175.9,45.3,49.7,56.7,84.1,64
1040,16,Solanum_taeniotrichum,7,318,43.6,73.8,86.5,115.2,152.2
1086,12,Solanum_trinitense,3,14.2,42.3,48.7,47,50,45.3
473,12,Solanum_hillebrandii,4,140.8,40.3,71.2,99.3,156.8,182.2
91,12,Solanum_apodophyllum,4,11.8,39.8,48,49.1,50.2,49.9
527,20,Solanum_inornatum,6,49468.1,39.3,1288.9,2818.6,4224.6,4795.5
437,12,Solanum_gracilifrons,3,12.9,37.9,34.5,37.7,39.6,41.5
89,16,Solanum_apiahyense,5,152480,36.3,71.8,301.1,465.9,694
122,16,Solanum_augustii,4,614.7,35.7,73.9,80.2,146.2,195.4
342,24,Solanum_dolosum,6,46796.5,35,2431.8,6179.1,9184.3,10620.3
316,20,Solanum_dendroicum,6,11.6,33.5,46.6,58.7,63.6,64.3
94,32,Solanum_arachnidanthum,8,166016,32.5,61747,103641.2,132667,142776.1
502,16,Solanum_hypocalycosarcum,5,3351.3,32.5,48.1,382.3,778.4,1555.9
241,12,Solanum_coalitum,7,9,31.6,31.8,31.7,31.8,31.8
1073,20,Solanum_tovarii,5,7815.6,31.4,204.6,336.7,612.7,1404.3
783,16,Solanum_paraibanum,4,13588,31,3290.8,6694.8,9935.1,11058.3
749,12,Solanum_ombrophilum,3,63.9,29,34.3,51.5,94.8,97
972,12,Solanum_sericeum,3,26.7,27.5,40.9,61.5,100.8,93.7
417,16,Solanum_garcia-barrigae,5,1637.4,27.1,41.8,51.2,1380.8,1634.7
252,12,Solanum_concarense,4,18.5,26.5,44.1,60.6,67.5,68.8
791,24,Solanum_pauperum,6,191265.8,26.1,26864.1,71762.2,127600.5,143356.6
937,28,Solanum_saltiense,7,621637.7,26.1,1421,7128.2,95123.8,173618.1
1091,12,Solanum_trisectum,4,5.8,25.4,25.5,25.5,25.6,25.8
603,12,Solanum_lidii,3,4.5,25.1,29.7,29,30.7,25.8
39,28,Solanum_affine,7,80460.2,24.2,7403.8,16105,38311.4,61830.9
242,20,Solanum_cobanense,8,6571.7,24.2,27.8,31.8,201.9,347.7
1128,16,Solanum_validinervium,4,5349.9,23.2,559.7,1162.1,1953.4,2728.4
113,24,Solanum_aspersum,6,104521.6,22.8,7087.9,16258.5,25562.8,34475.7
1047,24,Solanum_tegore,6,1124805.5,22.7,22.7,763.2,234140.6,423249.3
852,12,Solanum_pseuderanthemoides,3,39,21.7,39.1,60.6,68.5,104.3
630,12,Solanum_lythrocarpum,10,140.4,21.4,33.5,45.3,68.3,90.7
604,20,Solanum_lignescens,7,236902.5,21.3,23.2,23.1,27.7,2357.8
1089,16,Solanum_triplinervium,6,5629.3,21,1031.5,1866.3,3159,4056
564,12,Solanum_kollastrum,3,21042.8,20.7,2362.7,6339.1,11335.7,14614.6
399,12,Solanum_flexicaule,3,1735.5,19.6,523.3,592.5,1091.6,1396.5
828,24,Solanum_platense,6,204662.4,19.6,2883,76434.3,128871.6,148080.7
363,12,Solanum_eminens,12,3.4,19,19,19,19.1,19.1
436,20,Solanum_graciliflorum,5,132820.1,18.9,18.9,18.9,18.9,6004
308,20,Solanum_decorum,6,55572,18.6,18.3,20.4,2913.4,22082.9
36,16,Solanum_adoxum,6,156.8,18.5,37.9,87.7,129.7,179.9
1118,20,Solanum_ursinum,5,26850.8,18.4,18.4,523.9,24.9,1419.8
288,20,Solanum_curtilobum,5,79546.9,18.2,1023.2,3932.5,11078.3,13733.1
1052,20,Solanum_tenuissimum,5,233433.1,18.1,94.7,197.2,396.7,13455.5
475,20,Solanum_hintonii,5,51331.1,17.9,471.7,13909,28451.7,35083.6
466,16,Solanum_herculeum,4,8794.9,17.7,1828.7,2927.8,5561.2,6646
533,20,Solanum_intermedium,5,74818.1,17.5,101.5,6456.6,19191.1,27723.9
876,20,Solanum_pycnotrichum,5,34080.8,17.2,17.2,3873.9,14980.3,23445.7
499,12,Solanum_hydroides,6,7372.2,15.4,1511.1,3625.2,5391.1,6106
340,16,Solanum_dolichorhachis,4,4379.5,15.2,15.2,23.7,22.4,134.1
151,12,Solanum_borgmannii,4,19576.9,15.1,231.9,184.2,7005.4,10775
222,16,Solanum_chimborazense,4,154522.6,15,15,15,636.2,26153.7
296,16,Solanum_cymbalariifolium,4,57556.9,15,15,1109.8,46642,19153
803,16,Solanum_perlongistylum,4,202177.5,14.9,59.5,1924.6,5440.8,6745.7
846,16,Solanum_probolospermum,4,190994.3,14.9,14.9,14.9,14.9,8361.1
688,16,Solanum_monanthemon,4,17640.7,14.6,47.4,543.1,921.7,4117.6
1074,12,Solanum_trachycarpum,4,59157.1,14.6,14.9,15,17.4,21
1130,20,Solanum_vanuatuense,5,4642.9,14.6,86.8,554.6,1756.2,2664.2
854,16,Solanum_pseudoauriculatum,4,91233.4,14.5,14.5,4973.3,36896.6,54016.9
1084,16,Solanum_trifolium,4,37403.2,14.5,30,43.1,61.8,30.6
711,16,Solanum_nelsonii,14,1742.9,14.2,15,16.5,331.3,514
614,12,Solanum_litoraneum,3,23071.3,13.9,22.4,27.2,4240.1,7501.2
710,16,Solanum_neei,4,49402.5,13.9,13.9,13.9,13.9,10213.9
832,12,Solanum_plumense,3,71.5,13.9,11,138.8,194.4,212.6
1106,12,Solanum_ultimum,7,348.5,12.6,12.7,14,17.5,20.6
298,12,Solanum_dallmannianum,3,3621.6,11.3,1072.3,1357.6,2778.4,4596.6
358,12,Solanum_eitenii,3,934.7,11.3,11.3,11.3,11.3,1117.9
503,12,Solanum_hyporhodium,3,1809.7,11.2,11.2,11.2,1163,1295.6
709,12,Solanum_naucinum,3,1749.3,11.2,980.8,525.3,1978.6,963.4
736,12,Solanum_obovalifolium,3,10.1,11.2,11.2,141.3,143,145.4
905,12,Solanum_rhomboideilanceolatum,3,131.2,11.2,277,319.8,329.4,401.3
1111,12,Solanum_umbratile,3,2937.8,11.2,11.2,202.1,416.2,377
433,12,Solanum_gonyrhachis,3,8438.7,11.1,11.1,11.1,5622.1,7006.5
350,8,Solanum_dysprosium,4,0.6,11,10.9,11.1,10.9,10.9
869,12,Solanum_pulverulentifolium,3,54195.1,11,11,11,8365.9,23669.1
63,8,Solanum_amicorum,2,504.8,10.9,433.9,480.5,482.6,277.4
156,12,Solanum_brevipedicellatum,3,14143,10.9,10.9,10.9,10.9,10.9
668,8,Solanum_memaoyanum,4,9.3,10.7,13.7,16.3,22.5,27.3
672,12,Solanum_metrobotryon,3,16855.8,10.6,10.6,7.1,4095.5,6938.3
138,4,Solanum_bauerianum,2,0.1,10.4,10.7,10.7,10.7,10.4
145,12,Solanum_bistellatum,3,2984.7,10.1,524.7,1846.6,2383.1,2603.2
1049,12,Solanum_tenuipes,3,38763.1,10.1,10.1,12078.2,27299.4,39537.9
624,12,Solanum_lumholtzianum,3,9505.9,9.9,9.9,5270.1,6499.6,7518
727,12,Solanum_novomexicanum,3,1080.9,9.5,9.5,9.5,9.5,9.5
1066,8,Solanum_toldense,4,20,9.4,251.7,257.1,259.6,261.2
479,16,Solanum_hispidum,4,357437.5252,9.2,9.2,9.2,9.2,2903.3
594,8,Solanum_leratii,3,0.1,8.6,11.8,11.8,11.6,11.9
601,12,Solanum_lianoides,3,35227.8,8.1,7.6,4.2,4862.6,5796.5
949,20,Solanum_schefferi,5,686263.6,7.9,18.9,11.3,8.5,3009.4
726,8,Solanum_nolense,3,0,7.7,8,8,8.1,8.2
446,8,Solanum_guamense,3,95,7.4,28.3,33.9,7.2,339.4
1177,4,Solanum_caumii,11,0,6,6,6,6,6
661,4,Solanum_medusae,3,0,5.5,5,5.2,5,5.2
681,4,Solanum_missimense,3,0,4.2,4.2,4.2,4.1,4.2
